,ID,Year_birth,Education,Marital_status,Income,N_kids,N_teens,Customer_entry_date,Days_last_purchase,MntWines,MntFruits,MntMeat,MntFish,MntSweet,MntGold,N_purchases_discount,N_purchases_website,N_purchases_catalog,N_purchases_store,N_visits_site_month,AcceptedCmp3,AcceptedCmp4,AcceptedCmp5,AcceptedCmp1,AcceptedCmp2,Complain_last_2yrs,Cost_per_cmp,Total_revenue,AcceptedLastCmp,Conversion_cmp,N_cmp,Cac,Income_binned
1,2174,1954,Graduation,Single,46344.0,1,1,2014-03-08,38,11,1,6,2,1,6,2,1,1,2,5,0,0,0,0,0,0,3,0,0,no_conversion,6,18,Medium Income
8,4855,1974,PhD,Together,30351.0,1,0,2013-06-06,19,14,0,24,3,3,2,1,3,0,2,9,0,0,0,0,0,0,3,11,1,cmp6,6,18,Low Income
9,5899,1950,PhD,Together,5648.0,1,1,2014-03-13,68,28,0,6,1,1,13,1,1,0,0,20,1,0,0,0,0,0,3,11,0,cmp3,3,9,Low Income
11,387,1976,Basic,Married,7500.0,0,0,2012-11-13,59,6,16,11,11,1,16,1,2,0,3,8,0,0,0,0,0,0,3,0,0,no_conversion,6,18,Low Income
14,2569,1987,Graduation,Married,17323.0,0,0,2012-10-10,38,3,14,17,6,1,5,1,1,0,3,8,0,0,0,0,0,0,3,0,0,no_conversion,6,18,Low Income
16,9736,1980,Graduation,Married,41850.0,1,1,2012-12-24,51,53,5,19,2,13,4,3,3,0,3,8,0,0,0,0,0,0,3,0,0,no_conversion,6,18,Medium Income
19,2278,1985,2n Cycle,Single,33812.0,1,0,2012-11-03,86,4,17,19,30,24,39,2,2,1,3,6,0,0,0,0,0,0,3,0,0,no_conversion,6,18,Low Income
21,5376,1979,Graduation,Married,2447.0,1,0,2013-01-06,42,1,1,1725,1,1,1,15,0,28,0,1,0,0,0,0,0,0,3,0,0,no_conversion,6,18,Low Income
25,7892,1969,Graduation,Single,18589.0,0,0,2013-01-02,89,6,4,25,15,12,13,2,2,1,3,7,0,0,0,0,0,0,3,0,0,no_conversion,6,18,Low Income
30,6864,1989,Master,Divorced,10979.0,0,0,2014-05-22,34,8,4,10,2,2,4,2,3,0,3,5,0,0,0,0,0,0,3,0,0,no_conversion,6,18,Low Income
31,3033,1963,Master,Together,38620.0,0,0,2013-05-11,56,112,17,44,34,22,89,1,2,5,3,3,0,0,0,0,0,0,3,0,0,no_conversion,6,18,Medium Income
35,10738,1951,Master,Single,49389.0,1,1,2013-08-29,55,40,0,19,2,1,3,1,2,0,3,7,0,0,0,0,0,0,3,0,0,no_conversion,6,18,Medium Income
37,10755,1976,2n Cycle,Married,23718.0,1,0,2013-09-02,76,6,3,14,15,7,36,3,3,1,2,7,0,0,0,0,0,0,3,0,0,no_conversion,6,18,Low Income
38,8595,1973,Graduation,Widow,42429.0,0,1,2014-02-11,99,55,0,6,2,0,4,2,1,1,3,5,0,0,0,0,0,0,3,0,0,no_conversion,6,18,Medium Income
41,503,1985,Master,Married,20559.0,1,0,2013-03-12,88,13,1,29,3,0,7,2,2,0,3,8,0,0,0,0,0,0,3,0,0,no_conversion,6,18,Low Income
42,8430,1957,Graduation,Together,21994.0,0,1,2012-12-24,4,9,0,6,3,1,3,1,0,0,3,5,0,0,0,0,0,0,3,0,0,no_conversion,6,18,Low Income
44,2139,1975,Master,Married,7500.0,1,0,2013-10-02,19,3,1,10,3,2,12,3,2,0,3,5,0,0,0,0,0,0,3,0,0,no_conversion,6,18,Low Income
46,9909,1996,2n Cycle,Married,7500.0,0,0,2012-11-09,24,3,18,14,15,22,50,3,3,1,3,9,0,0,0,0,0,0,3,11,1,cmp6,6,18,Low Income
47,7286,1968,Graduation,Together,41728.0,1,0,2013-05-24,92,13,6,15,3,5,13,1,2,0,2,10,0,0,0,0,0,0,3,0,0,no_conversion,6,18,Medium Income
52,1331,1977,Graduation,Single,35790.0,1,0,2013-01-02,54,12,6,20,30,1,3,2,2,0,3,7,0,0,0,0,0,0,3,0,0,no_conversion,6,18,Low Income
65,8082,1971,Graduation,Married,25721.0,1,0,2013-05-21,75,1,3,6,3,6,15,1,1,1,2,7,0,0,0,0,0,0,3,11,1,cmp6,6,18,Low Income
66,1386,1967,Graduation,Together,32474.0,1,1,2014-05-11,0,10,0,1,0,0,0,1,1,0,2,7,0,0,0,0,0,0,3,0,0,no_conversion,6,18,Low Income
75,5846,1977,Graduation,Divorced,40246.0,1,0,2012-12-19,68,2,1,6,2,1,1,1,1,0,2,6,0,0,0,0,0,0,3,0,0,no_conversion,6,18,Medium Income
78,10401,1976,2n Cycle,Together,26326.0,0,0,2013-09-04,12,1,0,5,0,3,9,1,0,0,3,3,0,0,0,0,0,1,3,0,0,no_conversion,6,18,Low Income
81,2261,1969,Graduation,Married,26304.0,1,0,2013-06-23,5,4,1,5,2,0,4,1,1,0,2,7,0,0,0,0,0,0,3,0,0,no_conversion,6,18,Low Income
82,5346,1973,2n Cycle,Married,23559.0,1,0,2013-07-03,87,25,5,19,7,0,23,3,3,0,3,7,0,0,0,0,0,0,3,0,0,no_conversion,6,18,Low Income
83,4119,1963,Master,Together,38620.0,0,0,2013-05-11,56,112,17,44,34,22,89,1,2,5,3,3,0,0,0,0,0,0,3,0,0,no_conversion,6,18,Medium Income
93,11178,1972,Master,Single,42394.0,1,0,2014-03-23,69,15,2,10,0,1,4,1,1,0,3,7,0,0,0,0,0,0,3,0,0,no_conversion,6,18,Medium Income
94,2230,1970,PhD,Married,23626.0,1,0,2014-05-24,84,27,2,14,0,0,0,3,3,1,3,5,0,0,0,0,0,0,3,0,0,no_conversion,6,18,Low Income
95,7516,1983,Graduation,Married,30096.0,1,0,2014-05-22,30,5,3,11,12,5,9,1,2,0,3,6,0,0,0,0,0,0,3,0,0,no_conversion,6,18,Low Income
97,11100,1972,Graduation,Divorced,51813.0,1,1,2013-04-11,37,51,2,7,0,1,2,2,2,0,3,7,0,0,0,0,0,0,3,0,0,no_conversion,6,18,Medium Income
100,1473,1960,2n Cycle,Single,47823.0,0,1,2013-07-23,0,53,1,5,2,1,10,2,2,0,3,8,0,0,0,0,0,0,3,0,0,no_conversion,6,18,Medium Income
101,1016,1959,PhD,Single,34554.0,0,1,2014-03-30,43,41,1,6,2,0,5,2,2,0,3,6,0,0,0,0,0,0,3,0,0,no_conversion,6,18,Low Income
105,8373,1979,Basic,Together,24594.0,1,0,2013-12-10,94,1,3,6,10,0,9,1,1,0,3,5,0,0,0,0,0,0,3,0,0,no_conversion,6,18,Low Income
108,3629,1978,Graduation,Single,38557.0,1,0,2012-12-19,17,76,3,31,4,4,27,2,3,1,3,7,0,0,0,0,0,0,3,0,0,no_conversion,6,18,Medium Income
115,2286,1962,Graduation,Single,50785.0,1,1,2013-09-10,27,64,1,21,0,1,27,2,2,1,3,6,0,0,0,0,0,0,3,0,0,no_conversion,6,18,Medium Income
118,5234,1967,2n Cycle,Together,30753.0,1,1,2013-07-11,85,12,5,25,0,9,30,2,1,1,3,5,0,0,0,0,0,0,3,0,0,no_conversion,6,18,Low Income
119,9862,1969,Graduation,Together,21918.0,1,0,2013-11-14,37,1,6,7,11,5,3,2,2,0,3,6,0,0,0,0,0,0,3,0,0,no_conversion,6,18,Low Income
121,6205,1967,Master,Single,32557.0,1,0,2014-02-24,13,34,3,29,0,4,10,3,2,1,3,5,0,0,0,0,0,0,3,11,1,cmp6,6,18,Low Income
122,8442,1985,Master,Married,19510.0,2,0,2013-09-04,63,9,0,7,3,4,7,2,1,0,3,7,0,0,0,0,0,0,3,0,0,no_conversion,6,18,Low Income
123,7386,1976,Graduation,Divorced,30992.0,1,0,2013-04-22,83,17,0,14,7,3,2,1,1,0,3,7,0,0,0,0,0,0,3,0,0,no_conversion,6,18,Low Income
136,5342,1976,Basic,Divorced,9548.0,1,0,2012-08-08,31,0,1,3,10,6,9,2,1,0,3,8,0,0,0,0,0,0,3,0,0,no_conversion,6,18,Low Income
137,9579,1959,PhD,Married,33762.0,2,1,2013-07-07,61,53,1,34,2,0,16,3,2,2,2,8,0,0,0,0,0,0,3,0,0,no_conversion,6,18,Low Income
138,7660,1973,PhD,Single,35860.0,1,1,2014-05-19,37,15,0,8,4,2,20,2,1,1,2,5,1,0,0,0,0,0,3,11,1,cmp3,3,9,Low Income
139,1461,1965,PhD,Divorced,36921.0,1,1,2013-07-28,74,17,1,12,3,1,4,2,2,0,3,7,0,0,0,0,0,0,3,0,0,no_conversion,6,18,Medium Income
144,9701,1988,Graduation,Together,41883.0,1,0,2013-03-19,13,32,34,41,73,16,116,3,4,2,3,7,0,0,0,0,0,0,3,0,0,no_conversion,6,18,Medium Income
146,10837,1975,Graduation,Married,23957.0,1,0,2012-10-28,47,2,1,18,20,11,16,1,2,0,3,6,0,0,0,0,0,0,3,11,1,cmp6,6,18,Low Income
147,3120,1981,Graduation,Together,38547.0,1,0,2013-08-28,49,6,1,10,0,1,4,1,1,0,2,8,0,0,0,0,0,1,3,0,0,no_conversion,6,18,Medium Income
157,9283,1978,Graduation,Single,60199.0,1,2,2013-09-12,49,8,1,7,2,0,0,1,0,0,3,4,0,0,0,0,0,0,3,0,0,no_conversion,6,18,Medium Income
160,2795,1958,Master,Single,30523.0,2,1,2013-07-01,0,5,0,3,0,0,5,1,1,0,2,7,0,0,0,0,0,0,3,0,0,no_conversion,6,18,Low Income
169,3152,1957,Graduation,Together,26091.0,1,1,2014-02-25,84,15,10,19,8,17,20,3,2,1,3,5,0,0,0,0,0,0,3,0,0,no_conversion,6,18,Low Income
170,5610,1965,Graduation,Together,33456.0,1,1,2014-04-21,58,7,3,10,8,1,7,2,1,0,3,7,0,0,0,0,0,0,3,0,0,no_conversion,6,18,Low Income
171,6460,1982,Graduation,Married,28718.0,1,0,2013-07-13,78,12,4,6,11,8,16,2,2,0,3,8,0,0,0,0,0,0,3,0,0,no_conversion,6,18,Low Income
172,1349,1970,Graduation,Married,50447.0,2,0,2014-04-21,4,85,7,24,2,3,27,1,3,1,3,6,0,0,0,0,0,0,3,0,0,no_conversion,6,18,Medium Income
173,1880,1959,PhD,Together,53537.0,1,1,2014-01-30,17,81,0,6,0,0,6,2,2,1,3,5,0,0,0,0,0,0,3,0,0,no_conversion,6,18,Medium Income
174,641,1967,Graduation,Single,52074.0,0,1,2014-04-04,77,59,0,12,0,0,48,1,2,2,2,4,1,0,0,0,0,0,3,11,0,cmp3,3,9,Medium Income
177,10854,1970,PhD,Married,38853.0,1,1,2014-05-23,90,29,0,14,0,0,2,2,2,0,3,7,0,0,0,0,0,0,3,0,0,no_conversion,6,18,Medium Income
178,10492,1959,Graduation,Together,38285.0,2,1,2014-06-24,96,2,0,5,2,0,1,1,0,0,3,2,0,0,0,0,0,0,3,0,0,no_conversion,6,18,Medium Income
181,3559,1988,2n Cycle,Married,16248.0,1,0,2014-05-10,77,12,11,10,3,12,9,3,2,1,3,6,0,0,0,0,0,0,3,0,0,no_conversion,6,18,Low Income
183,10796,1984,Master,Married,30477.0,1,0,2014-01-22,16,47,1,6,0,0,12,1,1,1,3,6,0,0,0,0,0,0,3,0,0,no_conversion,6,18,Low Income
184,2563,1961,Basic,Married,28249.0,0,0,2014-06-15,80,1,9,7,2,14,10,1,2,0,3,6,0,0,0,0,0,0,3,0,0,no_conversion,6,18,Low Income
185,3518,1983,Graduation,Married,25271.0,1,0,2012-12-05,45,10,1,18,10,4,7,1,1,1,2,9,0,0,0,0,0,0,3,0,0,no_conversion,6,18,Low Income
189,6431,1964,PhD,Married,45759.0,1,1,2013-02-23,13,42,1,18,3,0,4,2,2,0,3,7,0,0,0,0,0,0,3,0,0,no_conversion,6,18,Medium Income
190,9733,1978,Basic,Together,24882.0,1,0,2012-09-09,52,1,4,10,29,0,36,1,1,1,2,6,1,0,0,0,0,0,3,11,0,cmp3,3,9,Low Income
192,7829,1900,2n Cycle,Divorced,36640.0,1,0,2013-09-26,99,15,6,8,7,4,25,1,2,1,2,5,0,0,0,0,0,1,3,0,0,no_conversion,6,18,Medium Income
193,1324,1988,Graduation,Married,38872.0,1,0,2013-05-30,93,23,3,21,3,19,22,2,3,0,3,8,0,0,0,0,0,0,3,0,0,no_conversion,6,18,Medium Income
195,7224,1977,Graduation,Married,31353.0,1,1,2013-12-29,24,10,0,10,3,1,7,2,1,1,2,8,0,0,0,0,0,0,3,0,0,no_conversion,6,18,Low Income
199,3182,1973,PhD,Single,46854.0,1,1,2014-03-31,81,96,1,79,7,1,79,6,5,1,3,8,1,0,0,0,0,0,3,11,1,cmp3,3,9,Medium Income
204,1030,1965,PhD,Single,40637.0,1,1,2013-07-17,72,22,0,13,0,0,3,2,1,0,3,7,0,0,0,0,0,0,3,0,0,no_conversion,6,18,Medium Income
205,624,1984,Master,Single,18890.0,0,0,2012-11-10,5,6,4,1,7,2,15,1,0,1,2,6,1,0,0,0,0,0,3,11,1,cmp3,3,9,Low Income
206,5176,1988,Graduation,Together,29604.0,1,0,2013-12-08,88,7,6,13,7,6,14,1,1,0,3,9,1,0,0,0,0,0,3,11,0,cmp3,3,9,Low Income
208,868,1966,Graduation,Married,44794.0,0,1,2014-06-08,99,54,0,7,0,0,4,1,2,0,3,6,0,0,0,0,0,0,3,0,0,no_conversion,6,18,Medium Income
216,7264,1978,2n Cycle,Single,52195.0,2,1,2014-05-12,2,12,0,4,0,0,1,1,1,0,2,8,0,0,0,0,0,0,3,0,0,no_conversion,6,18,Medium Income
229,3726,1986,PhD,Together,34320.0,1,0,2014-02-16,66,4,1,9,3,0,0,1,1,0,2,8,0,0,0,0,0,0,3,0,0,no_conversion,6,18,Low Income
232,1606,1971,Graduation,Together,38590.0,1,0,2013-05-15,65,3,1,8,4,3,3,1,1,0,2,8,0,0,0,0,0,0,3,0,0,no_conversion,6,18,Medium Income
233,9617,1951,Graduation,Single,15033.0,0,0,2014-04-16,37,0,4,5,6,0,4,1,1,0,3,3,0,0,0,0,0,0,3,0,0,no_conversion,6,18,Low Income
236,2936,1982,Master,Together,23661.0,1,0,2013-12-04,46,18,0,4,0,0,1,1,1,0,3,7,0,0,0,0,0,0,3,0,0,no_conversion,6,18,Low Income
238,7297,1973,Graduation,Single,7500.0,1,0,2013-12-26,54,5,3,10,12,7,20,4,3,1,3,7,0,0,0,0,0,0,3,0,0,no_conversion,6,18,Low Income
239,11004,1893,2n Cycle,Single,60182.0,0,1,2014-05-17,23,8,0,5,7,0,2,1,1,0,2,4,0,0,0,0,0,0,3,0,0,no_conversion,6,18,Medium Income
242,10735,1971,Graduation,Single,22804.0,1,0,2013-07-31,75,14,1,7,2,1,1,1,2,0,2,9,0,0,0,0,0,0,3,0,0,no_conversion,6,18,Low Income
245,7411,1964,PhD,Married,31686.0,1,1,2014-06-05,31,11,0,5,0,0,1,2,1,0,3,6,0,0,0,0,0,0,3,0,0,no_conversion,6,18,Low Income
250,10236,1975,Master,Single,31160.0,1,0,2013-09-16,59,16,3,25,6,1,13,2,2,0,3,8,0,0,0,0,0,0,3,0,0,no_conversion,6,18,Low Income
251,6340,1985,Graduation,Single,29938.0,1,0,2013-10-27,52,3,3,7,0,2,11,2,1,0,3,6,0,0,0,0,0,0,3,0,0,no_conversion,6,18,Low Income
255,5304,1974,PhD,Single,30899.0,1,0,2012-10-13,35,24,0,8,0,0,1,2,1,0,3,6,0,0,0,0,0,0,3,0,0,no_conversion,6,18,Low Income
259,3153,1957,PhD,Single,40737.0,2,1,2013-12-08,24,11,0,4,0,0,2,1,1,0,2,8,0,0,0,0,0,0,3,0,0,no_conversion,6,18,Medium Income
260,10264,1979,Graduation,Divorced,15287.0,1,0,2012-10-10,60,1,2,8,4,3,13,2,1,1,2,7,1,0,0,0,0,0,3,11,1,cmp3,3,9,Low Income
263,9396,1978,PhD,Married,37717.0,1,0,2012-11-23,31,9,0,6,4,1,5,1,1,0,2,9,0,0,0,0,0,0,3,0,0,no_conversion,6,18,Medium Income
265,6690,1966,Master,Married,38179.0,1,1,2013-03-14,30,38,4,22,4,2,20,4,3,1,3,7,0,0,0,0,0,0,3,0,0,no_conversion,6,18,Medium Income
267,9703,1970,PhD,Married,38097.0,1,1,2012-10-15,70,77,2,35,0,1,69,4,3,2,2,7,1,0,0,0,0,0,3,11,1,cmp3,3,9,Medium Income
269,4557,1970,Graduation,Together,22070.0,1,0,2013-10-04,11,10,7,19,8,2,21,2,2,2,2,6,0,0,0,0,0,0,3,0,0,no_conversion,6,18,Low Income
284,8962,1975,Master,Married,44319.0,1,1,2014-04-17,18,26,0,8,0,0,3,2,2,0,3,5,0,0,0,0,0,0,3,0,0,no_conversion,6,18,Medium Income
285,9974,1974,Graduation,Married,30631.0,1,0,2013-07-12,75,15,6,20,4,5,20,1,3,1,2,7,0,0,0,0,0,0,3,0,0,no_conversion,6,18,Low Income
290,9262,1984,2n Cycle,Together,32414.0,0,0,2013-07-04,11,20,6,5,0,9,12,1,1,0,3,7,1,0,0,0,0,0,3,11,0,cmp3,3,9,Low Income
291,7254,1969,Graduation,Together,38361.0,1,0,2013-12-27,74,39,0,56,20,8,14,3,3,1,3,7,0,0,0,0,0,0,3,0,0,no_conversion,6,18,Medium Income
293,4927,1971,Graduation,Together,16626.0,2,0,2014-01-15,76,8,3,22,21,1,13,3,3,0,3,9,0,0,0,0,0,0,3,0,0,no_conversion,6,18,Low Income
294,10451,1965,Graduation,Together,29672.0,1,1,2013-03-12,6,9,1,3,0,4,8,1,0,0,3,6,0,0,0,0,0,0,3,0,0,no_conversion,6,18,Low Income
296,2874,1988,2n Cycle,Divorced,35388.0,1,0,2013-03-07,20,6,4,7,4,3,8,1,1,0,3,7,0,0,0,0,0,0,3,0,0,no_conversion,6,18,Low Income
297,9738,1986,Master,Together,42386.0,1,0,2013-01-13,43,65,4,16,0,4,11,1,3,0,3,8,0,0,0,0,0,0,3,0,0,no_conversion,6,18,Medium Income
300,5827,1958,Graduation,Divorced,35246.0,1,1,2014-04-16,53,36,0,12,2,2,10,4,3,1,3,5,0,0,0,0,0,0,3,0,0,no_conversion,6,18,Low Income
302,10812,1978,PhD,Married,46377.0,1,0,2014-03-01,89,37,0,46,4,3,0,1,2,1,3,4,0,0,0,0,0,0,3,0,0,no_conversion,6,18,Medium Income
304,9491,1984,Graduation,Together,23976.0,1,0,2013-12-27,68,14,1,21,2,3,25,3,3,1,3,7,0,0,0,0,0,0,3,0,0,no_conversion,6,18,Low Income
306,6609,1966,Graduation,Widow,27038.0,0,0,2012-09-18,64,1,26,25,17,23,15,1,3,0,3,9,0,0,0,0,0,0,3,11,1,cmp6,6,18,Low Income
310,10032,1976,Graduation,Divorced,12571.0,1,0,2014-01-18,86,3,5,14,2,12,17,4,3,1,3,6,0,0,0,0,0,0,3,0,0,no_conversion,6,18,Low Income
311,2826,1967,Graduation,Married,22574.0,2,1,2013-10-28,28,25,0,8,2,0,2,2,2,0,3,7,0,0,0,0,0,0,3,0,0,no_conversion,6,18,Low Income
315,231,1956,Master,Together,28839.0,1,1,2014-03-11,86,24,0,7,0,0,1,2,2,0,3,5,0,0,0,0,0,0,3,0,0,no_conversion,6,18,Low Income
316,2392,1972,Graduation,Married,40321.0,1,1,2013-07-29,59,44,4,21,6,0,27,2,3,0,3,7,0,0,0,0,0,0,3,0,0,no_conversion,6,18,Medium Income
318,113,1951,Graduation,Married,30833.0,1,1,2013-07-16,33,11,0,7,3,1,6,2,1,0,3,5,0,0,0,0,0,0,3,0,0,no_conversion,6,18,Low Income
321,520,1974,Graduation,Married,34421.0,1,0,2013-07-01,81,3,3,7,6,2,9,1,1,0,2,7,0,0,0,0,0,0,3,0,0,no_conversion,6,18,Low Income
322,8275,1965,PhD,Divorced,47025.0,1,1,2014-02-09,6,16,0,3,0,0,1,1,1,0,2,7,0,0,0,0,0,0,3,0,0,no_conversion,6,18,Medium Income
327,3896,1984,Graduation,Married,27255.0,1,0,2013-11-07,3,22,1,11,0,1,2,1,1,0,3,7,0,0,0,0,0,0,3,0,0,no_conversion,6,18,Low Income
328,10350,1950,PhD,Married,54432.0,2,1,2013-05-09,37,33,0,5,0,0,0,1,1,0,3,4,0,0,0,0,0,0,3,0,0,no_conversion,6,18,Medium Income
330,2861,1983,Graduation,Single,24072.0,1,0,2013-04-16,79,9,1,6,3,0,4,1,1,0,2,8,0,0,0,0,0,0,3,0,0,no_conversion,6,18,Low Income
331,663,1989,PhD,Single,33996.0,0,0,2013-09-11,46,40,2,15,8,0,6,1,1,1,3,4,0,0,0,0,0,0,3,0,0,no_conversion,6,18,Low Income
333,2521,1971,Master,Married,35178.0,1,0,2013-01-10,10,23,1,13,2,2,18,1,1,1,2,7,1,0,0,0,0,0,3,11,1,cmp3,3,9,Low Income
334,9592,1983,Graduation,Together,22010.0,1,0,2013-06-30,51,11,2,9,3,0,8,2,2,0,3,8,0,0,0,0,0,0,3,0,0,no_conversion,6,18,Low Income
337,4099,1972,Graduation,Married,30675.0,1,0,2012-11-12,14,10,2,16,11,2,21,1,1,0,3,8,0,0,0,0,0,0,3,0,0,no_conversion,6,18,Low Income
344,8234,1973,Basic,Together,27190.0,1,0,2013-08-15,13,1,6,7,0,1,3,1,1,0,2,8,1,0,0,0,0,0,3,11,1,cmp3,3,9,Low Income
346,8553,1965,Graduation,Married,44300.0,1,1,2013-06-23,65,30,0,9,0,0,3,2,1,0,3,6,0,0,0,0,0,0,3,0,0,no_conversion,6,18,Medium Income
348,8842,1971,Graduation,Widow,30372.0,1,1,2012-12-25,33,15,0,12,7,3,7,3,2,0,3,7,0,0,0,0,0,0,3,0,0,no_conversion,6,18,Low Income
349,11030,1976,Master,Married,33181.0,1,0,2014-01-03,90,9,0,3,0,0,4,1,1,0,2,6,1,0,0,0,0,0,3,11,0,cmp3,3,9,Low Income
355,6201,1978,Graduation,Single,38643.0,1,1,2013-11-29,45,22,2,14,0,1,10,2,2,0,3,7,0,0,0,0,0,1,3,0,0,no_conversion,6,18,Medium Income
363,933,1978,PhD,Married,37717.0,1,0,2012-11-23,31,9,0,6,4,1,5,1,1,0,2,9,0,0,0,0,0,0,3,0,0,no_conversion,6,18,Medium Income
367,4432,1976,Graduation,Divorced,31615.0,1,0,2013-03-16,82,2,3,20,6,11,9,2,2,0,3,7,0,0,0,0,0,0,3,0,0,no_conversion,6,18,Low Income
370,5680,1984,2n Cycle,Married,35684.0,1,0,2014-04-22,66,10,4,7,0,6,3,1,1,0,3,6,0,0,0,0,0,0,3,0,0,no_conversion,6,18,Low Income
372,2557,1970,Master,Single,29548.0,1,0,2013-08-29,52,7,1,6,3,1,11,1,1,1,2,4,1,0,0,0,0,0,3,11,0,cmp3,3,9,Low Income
374,1519,1972,PhD,Single,38578.0,1,1,2013-06-22,2,38,4,22,3,3,3,3,3,0,3,8,0,0,0,0,0,0,3,11,1,cmp6,6,18,Medium Income
375,10703,1975,Master,Single,46098.0,1,1,2012-08-18,86,57,0,27,0,0,36,4,3,2,2,8,0,0,0,0,0,0,3,0,0,no_conversion,6,18,Medium Income
376,1726,1970,Graduation,Single,22585.0,0,0,2013-03-18,23,3,9,15,13,2,39,1,1,1,2,9,1,0,0,0,0,0,3,11,1,cmp3,3,9,Low Income
377,4459,1989,Graduation,Single,30279.0,1,0,2012-12-30,13,10,4,14,4,4,1,1,1,0,3,8,0,0,0,0,0,0,3,0,0,no_conversion,6,18,Low Income
379,1517,1969,Graduation,Single,30822.0,1,0,2013-06-14,92,3,9,13,2,12,12,1,1,0,3,7,0,0,0,0,0,0,3,0,0,no_conversion,6,18,Low Income
380,2098,1969,PhD,Married,33581.0,2,0,2013-01-08,38,11,0,5,0,0,1,1,1,0,2,8,0,0,0,0,0,0,3,0,0,no_conversion,6,18,Low Income
381,9543,1985,Graduation,Married,19986.0,1,0,2013-11-14,74,3,6,5,0,2,6,1,0,0,3,7,0,0,0,0,0,0,3,0,0,no_conversion,6,18,Low Income
384,2724,1981,Master,Single,36143.0,1,0,2014-03-30,33,12,0,1,0,0,6,1,0,1,2,3,0,0,0,0,0,0,3,0,0,no_conversion,6,18,Low Income
385,948,1971,Graduation,Single,10245.0,1,0,2013-05-15,32,4,7,7,6,4,13,3,1,2,2,5,0,0,0,0,0,0,3,0,0,no_conversion,6,18,Low Income
388,2066,1949,Graduation,Together,38823.0,0,1,2012-08-30,56,70,0,11,2,8,23,1,2,1,3,6,0,0,0,0,0,0,3,0,0,no_conversion,6,18,Medium Income
397,6354,1984,Graduation,Together,15345.0,1,0,2012-08-31,51,5,2,16,3,2,19,2,1,1,2,8,0,0,0,0,0,0,3,11,1,cmp6,6,18,Low Income
398,798,1987,Graduation,Single,23442.0,1,0,2012-12-24,71,2,0,6,8,6,5,1,1,0,3,7,0,0,0,0,0,0,3,0,0,no_conversion,6,18,Low Income
399,8213,1980,2n Cycle,Together,14515.0,1,0,2012-11-09,71,6,4,9,6,36,35,4,2,2,3,7,0,0,0,0,0,0,3,11,1,cmp6,6,18,Low Income
400,2488,1956,2n Cycle,Divorced,31395.0,1,1,2013-03-23,80,23,1,25,0,8,7,4,2,1,3,6,0,0,0,0,0,0,3,0,0,no_conversion,6,18,Low Income
405,194,1965,Graduation,Married,48006.0,1,1,2014-06-09,55,23,0,11,3,2,2,1,1,0,3,6,0,0,0,0,0,0,3,0,0,no_conversion,6,18,Medium Income
408,5049,1974,PhD,Together,30351.0,1,0,2013-06-06,19,14,0,24,3,3,2,1,3,0,2,9,0,0,0,0,0,0,3,0,0,no_conversion,6,18,Low Income
410,7301,1982,2n Cycle,Single,23616.0,1,0,2012-11-17,76,4,22,11,3,7,32,2,3,0,3,8,0,0,0,0,0,0,3,11,1,cmp6,6,18,Low Income
416,6504,1975,2n Cycle,Together,19789.0,1,0,2013-11-20,24,2,5,9,28,6,28,3,2,1,3,5,1,0,0,0,0,0,3,11,0,cmp3,3,9,Low Income
420,5929,1973,PhD,Married,37401.0,1,0,2014-05-06,14,19,3,19,3,1,3,2,2,0,3,7,0,0,0,0,0,0,3,0,0,no_conversion,6,18,Medium Income
421,3129,1983,Graduation,Married,30096.0,1,0,2014-05-22,30,5,3,11,12,5,9,1,2,0,3,6,0,0,0,0,0,0,3,0,0,no_conversion,6,18,Low Income
422,6528,1982,Master,Together,18492.0,1,0,2014-06-05,75,2,2,2,2,1,1,1,1,0,2,8,0,0,0,0,0,0,3,0,0,no_conversion,6,18,Low Income
425,7284,1953,Graduation,Married,48686.0,1,2,2013-12-04,8,10,0,7,2,0,1,1,1,0,2,8,0,0,0,0,0,0,3,0,0,no_conversion,6,18,Medium Income
435,9347,1956,Master,Together,50943.0,0,1,2013-06-21,49,31,0,7,2,0,6,1,1,0,3,5,0,0,0,0,0,0,3,0,0,no_conversion,6,18,Medium Income
439,456,1986,2n Cycle,Married,7500.0,1,0,2013-02-07,96,1,11,5,4,6,9,2,2,0,3,8,0,0,0,0,0,0,3,0,0,no_conversion,6,18,Low Income
440,5012,1989,Graduation,Married,28691.0,1,0,2013-07-04,56,5,4,13,8,0,4,1,1,0,3,8,0,0,0,0,0,0,3,0,0,no_conversion,6,18,Low Income
442,5029,1946,Graduation,Married,18100.0,0,0,2013-08-06,14,3,1,2,4,3,1,1,0,0,3,5,0,0,0,0,0,0,3,0,0,no_conversion,6,18,Low Income
443,10642,1989,Graduation,Single,30279.0,1,0,2012-12-30,13,10,4,14,4,4,1,1,1,0,3,8,0,0,0,0,0,0,3,0,0,no_conversion,6,18,Low Income
444,2106,1974,2n Cycle,Married,20130.0,0,0,2014-03-17,99,0,6,3,7,6,12,1,1,0,3,8,0,0,0,0,0,0,3,0,0,no_conversion,6,18,Low Income
445,10364,1959,Graduation,Divorced,23295.0,0,0,2013-07-13,72,0,0,1,2,12,5,1,1,0,2,8,0,0,0,0,0,0,3,0,0,no_conversion,6,18,Low Income
448,2541,1976,Graduation,Married,24027.0,1,0,2013-06-09,7,14,7,11,11,0,5,2,2,0,3,8,0,0,0,0,0,0,3,0,0,no_conversion,6,18,Low Income
462,8594,1958,PhD,Widow,50520.0,0,1,2014-01-28,25,112,0,6,2,1,14,2,3,1,3,6,0,0,0,0,0,0,3,0,0,no_conversion,6,18,Medium Income
464,2815,1975,Graduation,Married,33183.0,1,0,2014-02-24,46,7,5,39,17,15,37,2,4,0,3,7,0,0,0,0,0,0,3,0,0,no_conversion,6,18,Low Income
467,9213,1970,Graduation,Widow,31880.0,1,0,2012-10-31,13,4,1,5,2,0,3,1,1,0,2,8,0,0,0,0,0,0,3,0,0,no_conversion,6,18,Low Income
471,1581,1980,Graduation,Married,37406.0,1,0,2013-10-10,18,2,0,8,2,2,3,1,1,0,2,8,0,0,0,0,0,0,3,11,1,cmp6,6,18,Medium Income
473,6619,1978,Graduation,Married,38415.0,1,1,2013-01-02,91,22,1,13,4,0,4,2,1,0,3,7,0,0,0,0,0,0,3,0,0,no_conversion,6,18,Medium Income
474,9081,1988,Graduation,Single,20518.0,1,0,2014-05-18,58,4,1,6,4,1,9,1,1,1,2,5,0,0,0,0,0,0,3,0,0,no_conversion,6,18,Low Income
476,916,1972,PhD,Single,41644.0,1,1,2014-05-09,67,20,3,4,2,0,2,2,1,0,3,3,0,0,0,0,0,0,3,0,0,no_conversion,6,18,Medium Income
480,5300,1973,Master,Married,38961.0,1,0,2013-12-30,60,19,7,19,0,1,24,1,2,1,2,7,0,0,0,0,0,0,3,0,0,no_conversion,6,18,Medium Income
481,5154,1972,Master,Divorced,37760.0,1,0,2013-08-11,54,26,3,13,2,10,0,1,2,0,3,6,0,0,0,0,0,0,3,0,0,no_conversion,6,18,Medium Income
482,8346,1974,Graduation,Single,32233.0,1,0,2012-08-19,26,138,15,35,25,11,72,2,6,2,2,9,1,0,0,0,0,0,3,11,1,cmp3,3,9,Low Income
488,3436,1969,Graduation,Married,14045.0,1,0,2014-01-26,24,11,0,5,2,1,1,1,1,0,3,7,0,0,0,0,0,0,3,0,0,no_conversion,6,18,Low Income
493,9426,1964,Master,Single,58308.0,0,1,2013-01-12,77,691,0,69,10,0,130,4,2,6,3,8,0,0,0,0,0,0,3,0,0,no_conversion,6,18,Medium Income
496,8737,1978,Graduation,Divorced,55563.0,0,1,2014-04-05,22,29,1,9,2,0,2,1,2,0,3,3,0,0,0,0,0,0,3,0,0,no_conversion,6,18,Medium Income
500,9135,1950,Graduation,Together,27203.0,1,1,2012-08-06,92,13,2,21,4,0,24,2,1,1,2,8,0,0,0,0,0,0,3,0,0,no_conversion,6,18,Low Income
501,10623,1961,Master,Together,48330.0,0,1,2013-11-15,2,28,0,4,0,0,0,1,1,0,3,5,0,0,0,0,0,0,3,0,0,no_conversion,6,18,Medium Income
502,8151,1990,Basic,Married,24279.0,0,0,2012-12-29,6,16,36,21,20,62,108,1,4,1,3,8,0,0,0,0,0,0,3,0,0,no_conversion,6,18,Low Income
504,10160,1956,Master,Together,50943.0,0,1,2013-06-21,49,31,0,7,2,0,6,1,1,0,3,5,0,0,0,0,0,0,3,0,0,no_conversion,6,18,Medium Income
510,9925,1981,PhD,Together,39665.0,1,0,2013-05-25,97,127,1,56,0,1,31,3,4,2,3,7,1,0,0,0,0,0,3,11,0,cmp3,3,9,Medium Income
516,11025,1961,Graduation,Married,36443.0,1,1,2013-02-03,9,65,0,46,4,3,20,4,3,1,3,8,0,0,0,0,0,0,3,0,0,no_conversion,6,18,Medium Income
517,10203,1990,Graduation,Single,26095.0,1,0,2013-06-30,77,11,7,9,3,1,11,1,1,0,3,7,0,0,0,0,0,0,3,0,0,no_conversion,6,18,Low Income
520,3696,1965,Graduation,Divorced,30630.0,1,1,2014-01-27,67,27,1,12,2,0,10,2,2,0,3,7,0,0,0,0,0,0,3,0,0,no_conversion,6,18,Low Income
524,35,1987,Graduation,Married,25545.0,1,0,2012-09-08,35,32,1,64,16,12,85,3,2,2,3,6,0,0,0,0,0,0,3,11,1,cmp6,6,18,Low Income
525,2258,1986,Graduation,Married,32880.0,1,0,2012-12-04,76,8,4,15,7,6,2,1,1,0,3,8,0,0,0,0,0,0,3,0,0,no_conversion,6,18,Low Income
534,8724,1982,Graduation,Single,28567.0,1,0,2013-06-17,57,11,3,22,2,2,6,2,2,0,3,6,0,0,0,0,0,0,3,0,0,no_conversion,6,18,Low Income
536,1991,1967,Graduation,Together,44931.0,0,1,2014-01-18,0,78,0,11,0,0,7,1,2,1,3,5,0,0,0,0,0,0,3,0,0,no_conversion,6,18,Medium Income
539,304,1981,Master,Single,22944.0,1,0,2013-12-23,67,19,3,19,4,5,26,3,3,0,3,7,0,0,0,0,0,0,3,0,0,no_conversion,6,18,Low Income
540,3665,1977,2n Cycle,Together,25315.0,1,0,2013-11-07,46,1,9,8,11,3,22,3,3,0,3,8,0,0,0,0,0,0,3,0,0,no_conversion,6,18,Low Income
542,5036,1984,PhD,Single,42710.0,1,0,2012-11-28,38,252,3,42,4,3,102,2,4,5,3,6,0,0,0,0,0,0,3,0,0,no_conversion,6,18,Medium Income
548,9671,1968,Graduation,Married,19514.0,1,1,2014-01-26,47,14,3,21,2,1,28,4,3,1,2,8,1,0,0,0,0,0,3,11,1,cmp3,3,9,Low Income
549,2256,1973,Master,Married,27159.0,1,1,2014-03-29,33,17,0,3,0,0,1,2,1,0,3,6,0,0,0,0,0,0,3,0,0,no_conversion,6,18,Low Income
550,4279,1963,2n Cycle,Single,39548.0,1,1,2014-03-31,87,15,4,10,3,4,18,2,1,1,3,3,0,0,0,0,0,0,3,0,0,no_conversion,6,18,Medium Income
551,5371,1989,Graduation,Single,21474.0,1,0,2014-04-08,0,6,16,24,11,0,34,2,3,1,2,7,1,0,0,0,0,0,3,11,1,cmp3,3,9,Low Income
553,9460,1963,Graduation,Married,22419.0,0,0,2013-04-18,74,30,3,47,19,21,42,1,3,2,2,8,0,0,0,0,0,0,3,0,0,no_conversion,6,18,Low Income
567,891,1951,Master,Together,29298.0,1,1,2013-09-07,60,6,0,2,2,0,1,1,1,0,2,5,0,0,0,0,0,0,3,0,0,no_conversion,6,18,Low Income
568,10381,1979,Graduation,Single,47691.0,0,1,2013-07-05,43,14,0,3,0,0,4,1,1,0,2,6,0,0,0,0,0,0,3,0,0,no_conversion,6,18,Medium Income
569,3525,1970,Graduation,Together,38200.0,1,1,2012-12-07,19,12,0,4,0,0,1,1,1,0,2,7,0,0,0,0,0,0,3,0,0,no_conversion,6,18,Medium Income
571,3526,1968,PhD,Married,38443.0,1,1,2014-01-27,58,32,0,5,0,0,1,2,1,0,3,7,0,0,0,0,0,0,3,0,0,no_conversion,6,18,Medium Income
572,8181,1978,2n Cycle,Single,38593.0,1,0,2013-09-13,42,51,12,49,17,24,24,3,4,1,3,8,0,0,0,0,0,0,3,0,0,no_conversion,6,18,Medium Income
574,7369,1981,Master,Married,36959.0,1,0,2013-10-02,56,25,6,25,6,0,0,2,2,0,3,8,0,0,0,0,0,0,3,0,0,no_conversion,6,18,Medium Income
576,8159,1968,Graduation,Married,51287.0,1,1,2014-04-01,10,117,0,22,13,0,30,3,4,1,3,7,0,0,0,0,0,0,3,0,0,no_conversion,6,18,Medium Income
577,1160,1970,Graduation,Married,13260.0,1,1,2013-08-23,48,9,4,17,10,2,7,4,3,0,3,8,0,0,0,0,0,0,3,0,0,no_conversion,6,18,Low Income
582,5081,1967,2n Cycle,Together,47821.0,1,1,2013-10-20,54,9,0,16,6,6,10,1,1,0,3,8,0,0,0,0,0,0,3,0,0,no_conversion,6,18,Medium Income
583,5123,1951,Master,Married,27450.0,0,0,2013-04-15,57,37,12,23,8,11,52,1,2,1,3,7,0,0,0,0,0,0,3,0,0,no_conversion,6,18,Low Income
584,5756,1983,Graduation,Together,39453.0,1,0,2014-04-03,64,46,0,7,0,0,2,2,2,0,3,6,0,0,0,0,0,0,3,0,0,no_conversion,6,18,Medium Income
589,4179,1959,Graduation,Together,24221.0,0,0,2013-08-20,94,8,9,9,2,5,22,1,1,1,3,4,0,0,0,0,0,0,3,0,0,no_conversion,6,18,Low Income
590,3710,1984,PhD,Single,39684.0,1,0,2012-10-12,41,19,0,35,6,4,17,2,2,1,2,7,0,0,0,0,0,1,3,11,1,cmp6,6,18,Medium Income
593,6424,1977,Graduation,Together,33178.0,1,0,2014-01-30,9,12,6,2,11,2,16,1,1,0,3,4,0,0,0,0,0,0,3,0,0,no_conversion,6,18,Low Income
595,4992,1975,Master,Together,17459.0,1,0,2013-09-19,12,6,4,16,3,10,30,3,3,1,2,7,0,0,0,0,0,0,3,11,1,cmp6,6,18,Low Income
596,5252,1969,Graduation,Divorced,23910.0,1,0,2012-10-26,80,16,12,18,7,1,13,1,2,0,3,7,0,0,0,0,0,0,3,0,0,no_conversion,6,18,Low Income
597,7444,1969,Master,Married,42169.0,1,1,2013-10-19,20,19,0,9,0,0,2,2,1,0,3,8,0,0,0,0,0,0,3,0,0,no_conversion,6,18,Medium Income
598,6919,1978,2n Cycle,Married,26224.0,1,0,2013-06-04,39,4,7,15,13,9,15,3,2,1,3,6,0,0,0,0,0,0,3,0,0,no_conversion,6,18,Low Income
600,10277,1961,Graduation,Single,30081.0,0,1,2013-02-21,27,36,0,2,0,0,4,1,1,0,3,7,0,0,0,0,0,0,3,0,0,no_conversion,6,18,Low Income
604,1177,1966,Master,Together,49618.0,1,1,2013-01-26,77,80,3,26,4,2,14,4,3,1,3,7,0,0,0,0,0,0,3,0,0,no_conversion,6,18,Medium Income
605,7141,1986,Master,Single,21888.0,1,0,2012-12-29,15,88,10,46,2,3,64,4,5,1,2,10,0,0,0,0,0,0,3,11,1,cmp6,6,18,Low Income
606,7232,1973,Graduation,Widow,42429.0,0,1,2014-02-11,99,55,0,6,2,0,4,2,1,1,3,5,0,0,0,0,0,0,3,0,0,no_conversion,6,18,Medium Income
607,8477,1956,Graduation,Divorced,26150.0,2,1,2013-03-11,61,5,1,13,3,5,1,1,1,0,3,7,0,0,0,0,0,0,3,0,0,no_conversion,6,18,Low Income
608,2457,1975,Basic,Married,30801.0,0,1,2012-10-26,23,8,4,5,15,2,11,2,1,0,3,7,0,0,0,0,0,0,3,0,0,no_conversion,6,18,Low Income
612,6682,1973,Basic,Married,18978.0,1,0,2012-12-11,41,2,8,1,4,7,15,1,1,0,3,8,0,0,0,0,0,0,3,0,0,no_conversion,6,18,Low Income
613,6222,1967,Graduation,Married,22574.0,2,1,2013-10-28,28,25,0,8,2,0,2,2,2,0,3,7,0,0,0,0,0,0,3,0,0,no_conversion,6,18,Low Income
616,8953,1965,Master,Single,35791.0,2,1,2013-05-06,94,27,0,5,0,0,3,2,1,0,3,8,0,0,0,0,0,0,3,0,0,no_conversion,6,18,Low Income
618,8650,1978,Graduation,Widow,54162.0,1,1,2013-03-18,31,5,6,10,6,5,10,1,1,0,3,4,0,0,0,0,0,0,3,0,0,no_conversion,6,18,Medium Income
621,6941,1971,Graduation,Single,31632.0,0,0,2013-07-14,92,17,8,12,11,15,32,1,2,1,2,7,0,0,0,0,0,0,3,0,0,no_conversion,6,18,Low Income
623,10708,1978,2n Cycle,Single,36975.0,1,0,2013-12-28,50,10,6,11,0,4,2,1,1,0,3,7,0,0,0,0,0,0,3,0,0,no_conversion,6,18,Medium Income
625,3641,1976,Graduation,Married,13624.0,1,0,2013-01-20,93,10,2,15,2,1,6,2,2,0,3,6,0,0,0,0,0,0,3,0,0,no_conversion,6,18,Low Income
628,3469,1977,PhD,Divorced,34487.0,1,1,2012-09-06,94,19,18,33,24,1,8,3,3,0,3,9,0,0,0,0,0,0,3,0,0,no_conversion,6,18,Low Income
633,4376,1960,2n Cycle,Single,32218.0,0,0,2014-02-15,27,10,24,15,13,1,30,1,2,1,3,7,1,0,0,0,0,0,3,11,1,cmp3,3,9,Low Income
635,8461,1962,Graduation,Divorced,46102.0,2,1,2014-03-10,3,14,0,1,0,0,1,1,1,0,2,7,0,0,0,0,0,0,3,0,0,no_conversion,6,18,Medium Income
651,6728,1985,Graduation,Together,29103.0,1,0,2012-08-27,38,16,0,17,6,3,6,2,1,0,3,9,0,0,0,0,0,0,3,0,0,no_conversion,6,18,Low Income
659,6940,1966,PhD,Single,46734.0,1,2,2013-10-21,86,100,1,39,6,1,76,4,3,2,3,6,1,0,0,0,0,0,3,11,0,cmp3,3,9,Medium Income
661,7093,1985,Graduation,Married,19986.0,1,0,2013-11-14,74,3,6,5,0,2,6,1,0,0,3,7,0,0,0,0,0,0,3,0,0,no_conversion,6,18,Low Income
663,1777,1980,Basic,Married,25965.0,0,0,2012-09-07,29,2,2,11,41,7,11,1,2,0,3,8,0,0,0,0,0,0,3,0,0,no_conversion,6,18,Low Income
664,8162,1956,Master,Together,14661.0,0,0,2013-01-01,88,4,1,11,6,2,2,1,1,0,3,6,0,0,0,0,0,0,3,0,0,no_conversion,6,18,Low Income
665,10826,1959,Graduation,Married,18690.0,0,0,2012-12-28,77,6,1,7,23,4,19,1,1,1,2,8,0,0,0,0,0,0,3,0,0,no_conversion,6,18,Low Income
666,8754,1974,PhD,Together,45068.0,0,1,2013-05-16,25,14,0,3,0,0,3,1,1,0,2,7,0,0,0,0,0,0,3,0,0,no_conversion,6,18,Medium Income
667,1987,1987,Basic,Single,21063.0,1,0,2013-09-25,34,1,10,11,19,3,15,2,2,0,3,6,0,0,0,0,0,0,3,0,0,no_conversion,6,18,Low Income
668,11007,1968,PhD,Married,29187.0,1,0,2013-05-09,43,26,0,6,0,0,2,1,1,0,3,8,0,0,0,0,0,0,3,0,0,no_conversion,6,18,Low Income
675,6961,1974,Graduation,Married,26751.0,2,0,2014-05-22,26,1,1,5,0,3,1,1,1,0,2,8,0,0,0,0,0,0,3,0,0,no_conversion,6,18,Low Income
678,8779,1985,2n Cycle,Married,36145.0,1,0,2013-06-16,13,56,4,76,17,1,18,4,4,1,3,9,1,0,0,0,0,0,3,11,1,cmp3,3,9,Low Income
693,9316,1952,Basic,Together,13084.0,0,0,2013-11-02,29,2,0,7,3,7,10,1,1,0,3,6,0,0,0,0,0,0,3,0,0,no_conversion,6,18,Low Income
694,6379,1949,Master,Widow,47570.0,1,1,2013-05-29,3,67,1,20,0,2,31,3,2,2,2,7,0,0,0,0,0,0,3,11,1,cmp6,6,18,Medium Income
696,8315,1995,Graduation,Single,34824.0,0,0,2014-03-26,65,4,2,11,2,0,4,1,1,0,2,6,0,0,0,0,0,0,3,0,0,no_conversion,6,18,Low Income
697,2868,1949,PhD,Single,26518.0,1,1,2013-04-08,33,20,1,28,3,3,2,3,2,0,3,8,0,0,0,0,0,0,3,11,1,cmp6,6,18,Low Income
706,4472,1970,PhD,Divorced,35682.0,1,0,2014-06-27,34,23,0,8,6,2,18,1,1,1,3,2,0,0,0,0,0,0,3,0,0,no_conversion,6,18,Low Income
709,4301,1971,Master,Married,35178.0,1,0,2013-01-10,10,23,1,13,2,2,18,1,1,1,2,7,1,0,0,0,0,0,3,11,1,cmp3,3,9,Low Income
710,1940,1986,Graduation,Married,25252.0,1,0,2013-07-12,26,1,3,4,2,2,6,1,1,0,2,8,0,0,0,0,0,0,3,0,0,no_conversion,6,18,Low Income
712,1388,1975,Graduation,Single,33249.0,1,0,2013-02-20,11,6,10,21,19,14,42,2,2,1,3,6,0,0,0,0,0,0,3,0,0,no_conversion,6,18,Low Income
717,1715,1978,Graduation,Together,25851.0,1,0,2013-02-11,45,9,4,18,7,5,5,2,2,0,3,7,0,0,0,0,0,0,3,0,0,no_conversion,6,18,Low Income
719,1463,1958,Graduation,Single,45160.0,1,1,2014-03-29,9,8,2,5,3,0,3,1,1,0,2,7,0,0,0,0,0,0,3,0,0,no_conversion,6,18,Medium Income
722,4329,1984,PhD,Married,18988.0,1,0,2014-05-23,43,6,0,6,2,1,1,2,1,0,3,7,0,0,0,0,0,0,3,0,0,no_conversion,6,18,Low Income
724,4692,1976,Graduation,Married,7500.0,1,0,2012-08-01,19,7,0,12,13,7,32,5,4,1,2,9,1,0,0,0,0,0,3,11,1,cmp3,3,9,Low Income
725,7212,1966,Graduation,Married,44794.0,0,1,2014-06-08,99,54,0,7,0,0,4,1,2,0,3,6,0,0,0,0,0,0,3,0,0,no_conversion,6,18,Medium Income
730,5329,1949,PhD,Divorced,35946.0,1,1,2013-09-27,24,8,0,3,0,0,0,1,0,0,3,5,0,0,0,0,0,0,3,0,0,no_conversion,6,18,Low Income
738,6516,1989,Basic,Married,17487.0,1,0,2013-03-18,37,0,0,1,7,4,6,1,1,0,2,7,0,0,0,0,0,0,3,0,0,no_conversion,6,18,Low Income
741,7458,1956,Master,Together,34941.0,1,1,2013-03-06,26,39,2,25,4,3,24,2,3,0,3,8,0,0,0,0,0,0,3,0,0,no_conversion,6,18,Low Income
742,5237,1950,PhD,Single,48767.0,1,2,2014-01-01,79,28,1,21,3,0,10,3,2,1,3,5,0,0,0,0,0,0,3,0,0,no_conversion,6,18,Medium Income
748,2281,1970,Graduation,Single,33697.0,1,0,2013-09-15,34,4,3,7,0,3,11,1,1,0,2,7,1,0,0,0,0,0,3,11,0,cmp3,3,9,Low Income
758,10470,1979,Master,Married,40662.0,1,0,2013-03-15,0,40,2,23,0,4,23,2,2,1,3,4,0,0,0,0,0,0,3,0,0,no_conversion,6,18,Medium Income
759,6488,1959,PhD,Married,38829.0,0,1,2014-04-06,86,76,0,7,0,0,16,1,3,2,2,5,0,0,0,0,0,0,3,0,0,no_conversion,6,18,Medium Income
760,10270,1981,2n Cycle,Married,35523.0,1,0,2013-10-03,8,11,5,22,12,5,11,2,3,0,3,7,0,0,0,0,0,0,3,0,0,no_conversion,6,18,Low Income
763,7573,1978,PhD,Single,31626.0,1,0,2013-05-10,12,39,1,9,2,1,34,1,2,1,2,7,1,0,0,0,0,0,3,11,1,cmp3,3,9,Low Income
774,4303,1957,PhD,Together,6835.0,0,1,2012-12-08,76,107,2,12,2,2,12,0,0,0,1,20,0,0,0,0,0,0,3,0,0,no_conversion,6,18,Low Income
775,6825,1953,Graduation,Together,41452.0,1,1,2013-03-06,86,13,0,3,0,0,0,1,1,0,2,7,0,0,0,0,0,0,3,0,0,no_conversion,6,18,Medium Income
776,1072,1965,PhD,Single,40760.0,0,1,2013-08-30,64,70,0,17,0,0,6,2,2,1,3,6,0,0,0,0,0,0,3,0,0,no_conversion,6,18,Medium Income
778,2461,1955,Master,Single,51124.0,1,1,2013-12-18,79,26,1,11,0,1,4,2,1,0,3,3,0,0,0,0,0,0,3,0,0,no_conversion,6,18,Medium Income
781,10839,1976,Graduation,Together,36283.0,1,1,2014-04-14,42,6,5,5,8,0,5,2,1,0,3,4,0,0,0,0,0,0,3,0,0,no_conversion,6,18,Low Income
782,49,1970,Graduation,Single,20587.0,1,0,2014-05-11,39,2,3,6,4,1,9,1,1,1,2,7,0,0,0,0,0,0,3,0,0,no_conversion,6,18,Low Income
783,4290,1972,Graduation,Married,30467.0,1,0,2014-03-19,8,1,3,8,2,5,5,1,1,0,2,7,0,0,0,0,0,0,3,0,0,no_conversion,6,18,Low Income
784,10219,1972,Graduation,Together,31590.0,1,0,2013-06-18,40,6,2,15,6,6,3,1,1,0,3,8,0,0,0,0,0,0,3,0,0,no_conversion,6,18,Low Income
785,4211,1986,Basic,Married,20425.0,1,0,2012-10-29,5,4,12,5,3,16,17,2,2,0,3,7,0,0,0,0,0,0,3,0,0,no_conversion,6,18,Low Income
792,3479,1950,Graduation,Single,16813.0,0,0,2013-07-19,49,4,8,11,12,2,13,1,2,0,3,7,1,0,0,0,0,0,3,11,0,cmp3,3,9,Low Income
799,8523,1968,Graduation,Married,19329.0,1,0,2013-12-14,39,24,1,16,12,2,5,3,4,0,3,8,0,0,0,0,0,0,3,0,0,no_conversion,6,18,Low Income
801,8629,1956,Graduation,Widow,46984.0,1,1,2013-03-26,71,19,1,10,2,1,8,1,1,0,3,5,0,0,0,0,0,0,3,0,0,no_conversion,6,18,Medium Income
806,7326,1971,Master,Married,56850.0,0,1,2014-03-23,83,34,1,19,2,7,0,1,1,1,3,2,0,0,0,0,0,0,3,0,0,no_conversion,6,18,Medium Income
810,2964,1981,Graduation,Married,26872.0,0,0,2013-10-16,0,3,10,8,3,16,32,1,1,1,2,6,0,0,0,0,0,0,3,0,0,no_conversion,6,18,Low Income
811,5585,1972,Graduation,Single,21359.0,1,0,2013-04-20,1,12,2,17,6,1,10,2,2,0,3,8,0,0,0,0,0,0,3,11,1,cmp6,6,18,Low Income
816,2986,1976,Graduation,Married,30772.0,1,1,2014-03-12,89,7,2,4,2,1,4,1,1,0,2,6,0,0,0,0,0,0,3,0,0,no_conversion,6,18,Low Income
819,7034,1978,2n Cycle,Married,25804.0,1,0,2013-09-01,34,8,7,9,13,6,12,2,2,0,3,8,0,0,0,0,0,0,3,0,0,no_conversion,6,18,Low Income
821,1143,1972,Graduation,Married,22063.0,1,0,2013-08-08,43,7,10,13,3,11,11,2,2,0,3,7,0,0,0,0,0,0,3,0,0,no_conversion,6,18,Low Income
823,3855,1963,Graduation,Married,22419.0,0,0,2013-04-18,74,30,3,47,19,21,42,1,3,2,2,8,0,0,0,0,0,0,3,0,0,no_conversion,6,18,Low Income
827,6768,1962,Graduation,Divorced,37859.0,1,2,2013-01-12,75,22,1,8,2,1,2,2,1,0,3,8,0,0,0,0,0,0,3,0,0,no_conversion,6,18,Medium Income
829,6646,1984,Graduation,Together,16529.0,1,0,2014-03-01,23,3,0,5,13,0,1,1,1,0,3,6,0,0,0,0,0,0,3,0,0,no_conversion,6,18,Low Income
830,4887,1976,PhD,Divorced,55412.0,1,1,2013-11-22,65,10,5,28,11,1,8,1,2,0,3,5,0,0,0,0,0,0,3,0,0,no_conversion,6,18,Medium Income
833,11003,1980,2n Cycle,Together,25130.0,1,0,2013-10-02,10,2,5,7,0,18,18,2,2,0,3,7,0,0,0,0,0,0,3,0,0,no_conversion,6,18,Low Income
834,10402,1967,Graduation,Married,35441.0,1,1,2013-02-14,94,25,1,9,2,1,1,2,1,0,3,8,0,0,0,0,0,0,3,0,0,no_conversion,6,18,Low Income
838,10856,1980,2n Cycle,Single,45889.0,0,1,2013-07-02,42,31,0,6,0,1,8,1,1,0,3,6,0,0,0,0,0,0,3,0,0,no_conversion,6,18,Medium Income
840,4186,1950,Graduation,Together,34026.0,1,1,2013-08-05,11,18,6,15,12,8,17,3,2,1,3,5,0,0,0,0,0,0,3,0,0,no_conversion,6,18,Low Income
843,11121,1981,Graduation,Married,19419.0,1,0,2012-11-10,76,2,14,28,16,3,7,4,4,0,3,9,0,0,0,0,0,0,3,0,0,no_conversion,6,18,Low Income
849,10262,1980,Graduation,Married,15072.0,2,0,2013-05-10,96,8,2,15,0,10,18,4,3,1,3,5,0,0,0,0,0,0,3,0,0,no_conversion,6,18,Low Income
850,7848,1974,Graduation,Single,49166.0,0,1,2013-06-13,17,224,2,25,7,0,110,2,5,3,3,6,0,0,0,0,0,0,3,0,0,no_conversion,6,18,Medium Income
853,7186,1966,PhD,Together,30843.0,1,1,2014-05-26,43,24,0,2,0,0,9,2,1,1,2,5,1,0,0,0,0,0,3,11,0,cmp3,3,9,Low Income
856,4877,1973,Master,Married,38576.0,0,1,2014-03-04,2,34,0,7,0,0,0,1,1,0,3,7,0,0,0,0,0,0,3,0,0,no_conversion,6,18,Medium Income
858,3007,1966,Graduation,Together,37758.0,1,1,2012-10-04,49,27,2,10,0,0,1,2,1,0,3,8,0,0,0,0,0,0,3,0,0,no_conversion,6,18,Medium Income
860,4297,1969,Graduation,Together,23228.0,1,0,2014-01-26,71,13,2,18,6,1,0,2,2,0,3,8,0,0,0,0,0,0,3,0,0,no_conversion,6,18,Low Income
862,9553,1987,Graduation,Married,7500.0,0,0,2013-01-09,94,0,2,3,4,1,5,1,0,0,3,6,0,0,0,0,0,0,3,0,0,no_conversion,6,18,Low Income
867,4259,1986,Master,Single,19485.0,2,0,2013-09-24,80,6,0,4,0,0,0,1,1,0,2,7,0,0,0,0,0,0,3,0,0,no_conversion,6,18,Low Income
869,2447,1979,Graduation,Together,30545.0,1,0,2012-10-17,71,4,12,15,19,7,12,2,2,0,3,7,0,0,0,0,0,0,3,0,0,no_conversion,6,18,Low Income
872,3623,1976,Graduation,Together,21675.0,1,0,2014-06-11,55,4,0,16,17,4,4,3,4,0,3,7,0,0,0,0,0,0,3,0,0,no_conversion,6,18,Low Income
879,3270,1978,2n Cycle,Together,17117.0,1,0,2013-01-17,96,12,23,38,30,18,7,4,3,1,3,9,0,0,0,0,0,0,3,0,0,no_conversion,6,18,Low Income
880,8443,1972,Graduation,Single,24762.0,1,0,2014-02-10,16,6,10,12,3,15,40,3,3,1,2,8,1,0,0,0,0,0,3,11,1,cmp3,3,9,Low Income
881,9653,1975,Graduation,Married,35797.0,0,1,2012-10-16,16,27,1,14,4,1,21,2,2,0,3,8,0,0,0,0,0,0,3,0,0,no_conversion,6,18,Low Income
882,8916,1975,Graduation,Divorced,36627.0,2,0,2013-07-23,78,9,1,5,0,0,1,1,0,0,3,5,0,0,0,0,0,0,3,0,0,no_conversion,6,18,Medium Income
883,8017,1981,2n Cycle,Married,51111.0,1,1,2014-06-19,83,22,0,19,6,5,3,2,2,0,3,6,0,0,0,0,0,0,3,0,0,no_conversion,6,18,Medium Income
887,8086,1959,Graduation,Married,42243.0,1,1,2013-12-11,34,48,0,2,0,0,5,2,2,0,3,7,0,0,0,0,0,0,3,0,0,no_conversion,6,18,Medium Income
890,1928,1973,Graduation,Married,31814.0,1,0,2013-02-09,73,35,3,20,4,1,20,2,2,0,3,9,1,0,0,0,0,0,3,11,0,cmp3,3,9,Low Income
893,9960,1991,Basic,Single,26868.0,1,0,2014-04-30,52,0,0,1,8,3,2,1,1,0,2,7,0,0,0,0,0,0,3,0,0,no_conversion,6,18,Low Income
899,905,1986,Graduation,Divorced,21846.0,1,0,2013-10-22,38,7,17,18,6,10,26,4,4,0,3,8,0,0,0,0,0,0,3,0,0,no_conversion,6,18,Low Income
907,1968,1971,Graduation,Widow,45684.0,1,0,2013-12-02,37,5,1,5,10,0,7,1,1,0,2,7,0,0,0,0,0,0,3,0,0,no_conversion,6,18,Medium Income
908,6534,1974,Graduation,Together,47889.0,1,0,2014-01-04,94,29,0,29,0,5,4,1,2,0,3,5,0,0,0,0,0,0,3,0,0,no_conversion,6,18,Medium Income
920,9972,1955,PhD,Together,46015.0,1,1,2014-04-13,25,38,0,2,0,0,6,1,1,0,3,7,1,0,0,0,1,0,3,11,0,cmp2,2,6,Medium Income
933,5692,1989,Basic,Married,25443.0,1,0,2012-12-22,82,1,4,3,8,9,7,1,1,0,3,8,0,0,0,0,0,0,3,0,0,no_conversion,6,18,Low Income
935,6383,1971,PhD,Together,32892.0,1,0,2014-05-25,78,26,0,15,2,1,2,2,3,0,3,8,0,0,0,0,0,0,3,0,0,no_conversion,6,18,Low Income
944,8700,1986,Basic,Single,14906.0,0,0,2012-12-22,86,7,7,14,7,16,15,3,2,1,3,7,0,0,0,0,0,0,3,0,0,no_conversion,6,18,Low Income
948,6515,1977,Graduation,Together,39771.0,1,0,2013-12-06,92,6,2,18,2,8,14,1,2,0,3,4,0,0,0,0,0,0,3,0,0,no_conversion,6,18,Medium Income
950,7574,1979,PhD,Together,27922.0,1,0,2014-05-10,80,11,0,13,2,4,11,1,2,0,3,4,0,0,0,0,0,0,3,0,0,no_conversion,6,18,Low Income
951,6387,1976,PhD,Together,52190.0,1,1,2014-05-08,39,42,0,17,0,0,18,3,2,1,3,5,1,0,0,0,0,0,3,11,0,cmp3,3,9,Medium Income
953,5048,1971,PhD,Single,42767.0,2,0,2013-05-11,53,20,6,43,19,5,38,1,3,1,2,8,0,0,0,0,0,0,3,0,0,no_conversion,6,18,Medium Income
954,8146,1976,Master,Together,46106.0,1,1,2014-05-11,84,30,0,8,2,0,14,1,1,1,2,6,0,0,0,0,0,0,3,0,0,no_conversion,6,18,Medium Income
962,3547,1969,Master,Together,41021.0,1,0,2012-12-30,12,14,7,9,6,16,12,2,2,0,3,6,0,0,0,0,0,0,3,11,1,cmp6,6,18,Medium Income
968,2620,1974,PhD,Married,34596.0,1,0,2013-04-13,48,14,0,2,0,0,7,1,1,0,2,8,0,0,0,0,0,0,3,11,1,cmp6,6,18,Low Income
980,2166,1960,2n Cycle,Widow,46779.0,1,1,2013-07-12,55,12,1,3,0,0,7,1,0,1,2,4,0,0,0,0,0,0,3,0,0,no_conversion,6,18,Medium Income
981,3955,1965,Graduation,Divorced,4861.0,0,0,2014-06-22,20,2,1,1,1,0,1,0,0,0,0,14,0,0,0,0,0,0,3,0,0,no_conversion,6,18,Low Income
982,6634,1979,Master,Divorced,33462.0,1,0,2013-08-07,78,22,3,18,0,0,11,1,2,0,3,7,0,0,0,0,0,0,3,0,0,no_conversion,6,18,Low Income
989,453,1956,PhD,Widow,35340.0,1,1,2014-06-29,1,27,0,12,0,1,5,2,2,0,3,5,0,0,0,0,0,0,3,0,0,no_conversion,6,18,Low Income
991,9850,1972,2n Cycle,Married,24884.0,1,0,2012-11-29,32,3,6,7,0,0,3,1,0,0,3,7,0,0,0,0,0,0,3,0,0,no_conversion,6,18,Low Income
995,5184,1995,Graduation,Single,34824.0,0,0,2014-03-26,65,4,2,11,2,0,4,1,1,0,2,6,0,0,0,0,0,0,3,0,0,no_conversion,6,18,Low Income
997,11188,1957,Graduation,Together,26091.0,1,1,2014-02-25,84,15,10,19,8,17,20,3,2,1,3,5,0,0,0,0,0,0,3,0,0,no_conversion,6,18,Low Income
1003,5527,1987,Graduation,Together,22434.0,1,0,2013-02-13,25,4,12,11,3,13,15,2,2,0,3,8,0,0,0,0,0,0,3,0,0,no_conversion,6,18,Low Income
1008,8975,1968,Graduation,Married,19514.0,1,1,2014-01-26,47,14,3,21,2,1,28,4,3,1,2,8,1,0,0,0,0,0,3,11,0,cmp3,3,9,Low Income
1009,6119,1963,PhD,Single,36736.0,1,1,2013-05-10,52,10,0,3,0,0,4,1,1,0,2,6,0,0,0,0,0,0,3,0,0,no_conversion,6,18,Medium Income
1013,1970,1968,Master,Together,34053.0,0,1,2012-09-10,14,63,0,21,7,0,12,1,3,0,3,8,0,0,0,0,0,0,3,0,0,no_conversion,6,18,Low Income
1018,3158,1973,Graduation,Married,32300.0,1,0,2013-01-03,1,13,3,6,6,5,6,1,1,0,3,8,0,0,0,0,0,0,3,0,0,no_conversion,6,18,Low Income
1020,5287,1973,Graduation,Married,34961.0,1,0,2014-06-19,77,45,2,26,4,1,1,3,3,1,3,7,0,0,0,0,0,0,3,0,0,no_conversion,6,18,Low Income
1021,2445,1974,PhD,Together,28440.0,1,0,2013-07-07,87,38,1,24,0,0,0,1,2,0,3,8,0,0,0,0,0,0,3,0,0,no_conversion,6,18,Low Income
1023,4550,1966,Master,Together,33564.0,0,1,2014-06-24,51,61,0,3,0,0,7,1,1,1,3,5,0,0,0,0,0,0,3,0,0,no_conversion,6,18,Low Income
1024,4240,1978,Graduation,Married,17345.0,1,0,2012-11-03,79,4,9,16,17,0,12,2,2,1,2,8,0,0,0,0,0,0,3,0,0,no_conversion,6,18,Low Income
1026,3706,1978,Graduation,Single,28647.0,1,0,2013-08-21,54,19,8,29,0,12,26,1,2,2,2,7,1,0,0,0,0,0,3,11,1,cmp3,3,9,Low Income
1027,3628,1987,Basic,Single,15038.0,1,0,2013-01-29,93,4,8,11,19,12,26,2,2,1,2,9,0,0,0,0,0,0,3,0,0,no_conversion,6,18,Low Income
1028,10175,1958,PhD,Divorced,32173.0,0,1,2013-08-01,0,18,0,2,0,0,2,1,1,0,3,4,0,0,0,0,0,0,3,0,0,no_conversion,6,18,Low Income
1033,5263,1977,2n Cycle,Married,31056.0,1,0,2013-01-22,99,5,10,13,3,8,16,1,1,0,3,8,0,0,0,0,0,0,3,0,0,no_conversion,6,18,Low Income
1038,6019,1971,PhD,Married,37126.0,1,0,2014-03-30,9,45,3,9,4,4,7,1,1,2,2,6,1,0,0,0,0,0,3,11,1,cmp3,3,9,Medium Income
1041,6730,1954,Graduation,Married,38998.0,1,1,2012-11-03,92,34,1,14,0,0,5,3,2,0,3,8,0,0,0,0,0,1,3,0,0,no_conversion,6,18,Medium Income
1042,10749,1991,Graduation,Single,8028.0,0,0,2012-09-18,62,73,18,66,7,12,2,15,0,1,0,19,0,0,0,0,0,0,3,0,0,no_conversion,6,18,Low Income
1044,6287,1986,Graduation,Together,34728.0,1,0,2013-07-30,2,14,0,16,0,0,6,1,1,1,2,6,0,0,0,0,0,0,3,11,1,cmp6,6,18,Low Income
1051,9725,1966,PhD,Together,28764.0,1,1,2014-06-05,16,8,0,3,0,0,1,1,1,0,2,8,1,0,0,0,0,0,3,11,0,cmp3,3,9,Low Income
1053,5740,1970,2n Cycle,Divorced,25959.0,1,1,2013-02-14,1,4,2,12,7,5,26,2,1,2,2,6,0,0,0,0,0,0,3,11,1,cmp6,6,18,Low Income
1054,5731,1983,Master,Married,27100.0,1,0,2013-04-05,64,12,0,13,2,0,10,1,1,0,3,7,0,0,0,0,0,0,3,0,0,no_conversion,6,18,Low Income
1063,2055,1973,PhD,Divorced,35860.0,1,1,2014-05-19,37,15,0,8,4,2,20,2,1,1,2,5,1,0,0,0,0,0,3,11,0,cmp3,3,9,Low Income
1065,4415,1961,Graduation,Married,16860.0,1,1,2012-09-12,19,10,4,4,3,3,14,3,1,1,3,7,0,0,0,0,0,0,3,0,0,no_conversion,6,18,Low Income
1068,4817,1956,Graduation,Divorced,22304.0,0,0,2012-08-04,91,3,2,7,0,4,2,1,1,0,2,8,0,0,0,0,0,0,3,0,0,no_conversion,6,18,Low Income
1070,10536,1971,PhD,Together,32892.0,1,0,2014-05-25,78,26,0,15,2,1,2,2,3,0,3,8,0,0,0,0,0,0,3,0,0,no_conversion,6,18,Low Income
1073,9197,1953,Graduation,Married,39722.0,0,1,2014-02-24,92,32,0,5,2,0,8,2,2,0,3,5,0,0,0,0,0,0,3,0,0,no_conversion,6,18,Medium Income
1077,577,1976,2n Cycle,Together,26907.0,1,1,2013-08-20,10,9,1,7,0,3,2,2,1,0,3,7,0,0,0,0,0,0,3,0,0,no_conversion,6,18,Low Income
1079,3081,1978,PhD,Married,41014.0,1,0,2013-04-22,65,7,2,6,2,0,3,1,1,0,2,7,0,0,0,0,0,0,3,0,0,no_conversion,6,18,Medium Income
1083,9523,1982,Graduation,Together,40479.0,1,0,2013-08-17,95,5,0,8,2,0,0,1,0,0,3,4,0,0,0,0,0,0,3,0,0,no_conversion,6,18,Medium Income
1086,10914,1970,Graduation,Single,24163.0,1,1,2013-10-12,3,4,1,7,2,1,2,2,1,0,3,4,0,0,0,0,0,0,3,0,0,no_conversion,6,18,Low Income
1088,5577,1983,Graduation,Together,43776.0,1,0,2014-05-03,77,8,0,9,2,1,3,1,1,0,2,6,0,0,0,0,0,0,3,0,0,no_conversion,6,18,Medium Income
1093,9080,1972,PhD,Single,38578.0,1,1,2013-06-22,2,38,4,22,3,3,3,3,3,0,3,8,0,0,0,0,0,0,3,0,0,no_conversion,6,18,Medium Income
1098,1109,1982,Master,Together,27590.0,1,0,2013-04-23,38,6,0,5,0,0,1,1,1,0,2,7,0,0,0,0,0,0,3,0,0,no_conversion,6,18,Low Income
1104,4444,1972,Graduation,Married,30023.0,1,0,2014-03-24,28,11,0,16,7,6,21,1,2,0,3,8,0,0,0,0,0,0,3,0,0,no_conversion,6,18,Low Income
1106,6271,1952,PhD,Married,50870.0,0,1,2014-06-19,13,53,0,8,0,0,2,1,2,0,3,5,0,0,0,0,0,0,3,0,0,no_conversion,6,18,Medium Income
1112,10022,1973,PhD,Single,54466.0,1,1,2014-02-09,78,12,0,4,0,0,0,1,1,0,2,5,0,0,0,0,0,0,3,0,0,no_conversion,6,18,Medium Income
1114,11010,1984,PhD,Single,16269.0,1,0,2013-08-30,75,19,3,18,3,1,0,3,3,0,3,8,0,0,0,0,0,0,3,0,0,no_conversion,6,18,Low Income
1116,3885,1983,PhD,Married,33569.0,1,0,2013-10-16,10,16,2,18,3,0,24,1,1,1,2,8,1,0,0,0,0,0,3,11,1,cmp3,3,9,Low Income
1117,1175,1983,Master,Married,36262.0,0,0,2013-09-20,24,88,39,54,64,28,153,1,3,5,3,6,1,0,0,0,0,0,3,11,1,cmp3,3,9,Low Income
1118,880,1966,Basic,Together,22634.0,0,0,2013-01-16,47,2,23,11,8,6,46,1,2,1,2,8,0,0,0,0,0,0,3,0,0,no_conversion,6,18,Low Income
1127,1010,1977,Graduation,Together,46931.0,2,1,2014-04-24,94,41,0,17,3,1,16,2,1,1,3,3,0,0,0,0,0,0,3,0,0,no_conversion,6,18,Medium Income
1128,8977,1985,Basic,Single,16581.0,0,0,2013-01-12,51,1,3,4,2,3,11,1,0,0,3,4,0,0,0,0,0,0,3,0,0,no_conversion,6,18,Low Income
1131,606,1967,Graduation,Single,25930.0,1,1,2013-10-10,87,6,1,2,2,0,4,1,1,0,2,7,0,0,0,0,0,0,3,0,0,no_conversion,6,18,Low Income
1132,5961,1978,Graduation,Married,42693.0,1,0,2014-06-07,29,8,4,20,6,3,16,1,1,0,3,5,0,0,0,0,0,0,3,0,0,no_conversion,6,18,Medium Income
1136,10542,1968,PhD,Married,36778.0,1,1,2012-08-05,63,29,4,34,2,4,4,3,3,0,3,9,0,0,0,0,0,0,3,0,0,no_conversion,6,18,Medium Income
1138,10617,1989,Master,Divorced,10979.0,0,0,2014-05-22,34,8,4,10,2,2,4,2,3,0,3,5,0,0,0,0,0,0,3,0,0,no_conversion,6,18,Low Income
1142,4066,1978,2n Cycle,Divorced,21282.0,1,0,2014-05-11,76,1,5,8,4,8,20,2,2,1,2,6,0,0,0,0,0,0,3,0,0,no_conversion,6,18,Low Income
1146,749,1981,Graduation,Together,42162.0,1,0,2013-11-19,31,46,7,59,2,4,27,2,3,1,3,6,1,0,0,0,0,0,3,11,1,cmp3,3,9,Medium Income
1149,10525,1986,Graduation,Single,26576.0,1,0,2012-10-13,40,10,0,8,0,0,9,1,1,0,2,9,1,0,0,0,0,0,3,11,1,cmp3,3,9,Low Income
1152,10710,1979,Graduation,Married,7500.0,0,1,2012-08-29,61,5,2,3,3,0,5,1,1,0,2,8,0,0,0,0,0,0,3,0,0,no_conversion,6,18,Low Income
1155,213,1963,PhD,Single,23091.0,1,1,2014-05-28,98,35,0,11,0,0,2,4,2,1,3,7,0,0,0,0,0,0,3,0,0,no_conversion,6,18,Low Income
1166,6116,1968,2n Cycle,Married,48985.0,0,1,2013-07-05,13,19,13,18,10,7,8,1,1,1,3,3,0,0,0,0,0,0,3,0,0,no_conversion,6,18,Medium Income
1170,193,1996,Basic,Married,14421.0,0,0,2014-02-17,81,0,0,2,3,3,8,1,1,0,2,5,1,0,0,0,0,0,3,11,0,cmp3,3,9,Low Income
1171,3363,1974,2n Cycle,Married,20130.0,0,0,2014-03-17,99,0,6,3,7,6,12,1,1,0,3,8,0,0,0,0,0,0,3,0,0,no_conversion,6,18,Low Income
1174,8686,1979,Basic,Together,23724.0,1,0,2013-01-08,65,5,23,15,0,18,14,2,2,0,3,8,0,0,0,0,0,0,3,0,0,no_conversion,6,18,Low Income
1176,5907,1952,Master,Married,33444.0,1,1,2012-11-03,24,8,0,8,0,0,2,1,1,0,2,8,0,0,0,0,0,0,3,0,0,no_conversion,6,18,Low Income
1183,3839,1958,Basic,Single,15056.0,1,1,2013-05-03,76,6,12,3,21,6,40,5,2,2,3,5,0,0,0,0,0,0,3,0,0,no_conversion,6,18,Low Income
1184,9392,1971,Graduation,Single,26954.0,1,0,2014-05-08,17,4,1,11,0,0,1,1,1,0,2,7,0,0,0,0,0,0,3,0,0,no_conversion,6,18,Low Income
1185,2292,1985,Graduation,Single,22327.0,1,0,2013-08-02,94,5,4,8,2,0,5,1,1,0,3,5,0,0,0,0,0,0,3,0,0,no_conversion,6,18,Low Income
1189,5231,1974,2n Cycle,Married,45894.0,0,2,2014-02-27,15,27,2,7,0,2,13,1,1,0,3,5,0,0,0,0,0,0,3,0,0,no_conversion,6,18,Medium Income
1192,2315,1960,Graduation,Divorced,58401.0,0,1,2014-04-20,55,10,0,11,17,29,29,1,1,2,2,4,0,0,0,0,0,0,3,0,0,no_conversion,6,18,Medium Income
1203,234,1979,Graduation,Divorced,15287.0,1,0,2012-10-10,60,1,2,8,4,3,13,2,1,1,2,7,1,0,0,0,0,0,3,11,1,cmp3,3,9,Low Income
1207,3068,1990,Graduation,Married,18351.0,0,0,2013-10-29,1,1,12,9,0,14,7,1,2,0,3,7,0,0,0,0,0,0,3,0,0,no_conversion,6,18,Low Income
1208,8955,1957,PhD,Together,40451.0,0,2,2014-02-16,54,35,0,4,0,0,10,1,1,1,2,5,1,0,0,0,0,0,3,11,0,cmp3,3,9,Medium Income
1219,9739,1963,Graduation,Single,34377.0,0,1,2013-01-19,55,62,0,22,3,1,26,2,2,2,2,7,0,0,0,0,0,0,3,0,0,no_conversion,6,18,Low Income
1220,10395,1986,Basic,Single,8940.0,1,0,2012-08-22,25,1,45,3,4,6,42,3,3,1,3,8,0,0,0,0,0,0,3,0,0,no_conversion,6,18,Low Income
1221,1176,1973,Graduation,Married,26228.0,1,0,2013-09-22,50,2,6,4,3,1,9,1,1,0,2,8,0,0,0,0,0,0,3,0,0,no_conversion,6,18,Low Income
1223,938,1981,Graduation,Married,40211.0,1,1,2013-07-30,30,51,1,7,2,1,25,2,2,1,2,8,1,0,0,0,0,0,3,11,0,cmp3,3,9,Medium Income
1227,7736,1986,Graduation,Married,22518.0,1,0,2012-10-22,36,11,7,12,2,2,27,2,2,1,2,5,1,0,0,0,0,0,3,11,1,cmp3,3,9,Low Income
1229,833,1955,Master,Married,38452.0,1,1,2014-03-30,62,56,0,14,0,0,2,3,3,0,3,7,0,0,0,0,0,0,3,0,0,no_conversion,6,18,Medium Income
1231,7325,1986,PhD,Together,38197.0,1,0,2013-06-29,86,23,0,11,2,1,3,1,1,0,3,5,0,0,0,0,0,0,3,0,0,no_conversion,6,18,Medium Income
1233,1502,1983,Graduation,Together,28427.0,1,0,2013-03-21,67,18,3,19,3,3,6,2,2,0,3,8,0,0,0,0,0,0,3,0,0,no_conversion,6,18,Low Income
1234,6211,1976,PhD,Together,37395.0,1,0,2014-05-02,47,18,0,9,0,1,11,1,1,0,3,6,0,0,0,0,0,0,3,0,0,no_conversion,6,18,Medium Income
1238,6918,1989,Graduation,Married,28691.0,1,0,2013-07-04,56,5,4,13,8,0,4,1,1,0,3,8,0,0,0,0,0,0,3,0,0,no_conversion,6,18,Low Income
1240,11086,1984,Basic,Single,25707.0,1,0,2014-01-18,18,1,6,2,3,6,3,1,1,0,3,7,0,0,0,0,0,0,3,0,0,no_conversion,6,18,Low Income
1241,1921,1967,PhD,Married,59062.0,2,1,2013-10-03,74,46,1,12,3,0,9,2,2,0,3,4,0,0,0,0,0,0,3,0,0,no_conversion,6,18,Medium Income
1245,6862,1971,Graduation,Divorced,1730.0,0,0,2014-05-18,65,1,1,3,1,1,1,15,0,0,0,20,0,0,0,0,0,0,3,0,0,no_conversion,6,18,Low Income
1246,4136,1992,Basic,Single,7500.0,1,0,2012-12-03,63,10,17,18,8,26,40,4,3,2,2,9,0,0,0,0,0,0,3,0,0,no_conversion,6,18,Low Income
1247,803,1968,Graduation,Together,40521.0,1,1,2013-04-05,82,12,0,5,0,0,4,1,0,1,2,5,0,0,0,0,0,0,3,0,0,no_conversion,6,18,Medium Income
1248,4298,1973,PhD,Together,20427.0,1,0,2014-03-24,63,5,0,4,0,0,1,1,1,0,2,8,0,0,0,0,0,0,3,0,0,no_conversion,6,18,Low Income
1256,9094,1955,2n Cycle,Married,62972.0,0,1,2012-08-03,39,313,15,47,20,0,192,2,7,4,3,6,0,0,0,0,0,0,3,11,1,cmp6,6,18,Medium Income
1258,5493,1976,Graduation,Married,39356.0,1,1,2014-03-19,21,15,0,2,0,0,6,1,1,0,2,6,1,0,0,0,0,0,3,11,0,cmp3,3,9,Medium Income
1260,5107,1973,PhD,Divorced,35860.0,1,1,2014-05-19,37,15,0,8,4,2,20,2,1,1,2,5,1,0,0,0,0,0,3,11,0,cmp3,3,9,Low Income
1263,8147,1960,Graduation,Married,31454.0,1,1,2013-07-06,40,28,0,11,0,0,9,3,2,0,3,8,0,0,0,0,0,0,3,0,0,no_conversion,6,18,Low Income
1264,1857,1952,Graduation,Single,47139.0,1,1,2014-03-06,2,46,0,12,0,2,23,2,2,1,2,7,0,0,0,0,0,0,3,11,1,cmp6,6,18,Medium Income
1267,11114,1970,Graduation,Together,19656.0,1,0,2013-02-08,94,25,4,9,6,8,32,3,2,1,3,7,0,0,0,0,0,0,3,0,0,no_conversion,6,18,Low Income
1274,7527,1968,Master,Divorced,23748.0,1,0,2012-11-21,97,6,6,29,12,15,8,3,2,1,3,8,0,0,0,0,0,0,3,0,0,no_conversion,6,18,Low Income
1276,2296,1975,Master,Married,37368.0,1,0,2013-12-16,4,3,2,11,2,2,10,1,1,0,2,6,1,0,0,0,0,0,3,11,0,cmp3,3,9,Medium Income
1277,10637,1964,Graduation,Married,40800.0,1,2,2013-01-01,77,24,0,27,8,30,10,2,3,0,3,7,0,0,0,0,0,1,3,0,0,no_conversion,6,18,Medium Income
1282,679,1957,PhD,Married,37633.0,1,1,2012-09-20,49,13,4,20,0,0,1,2,1,0,3,9,0,0,0,0,0,0,3,0,0,no_conversion,6,18,Medium Income
1285,5267,1970,Graduation,Divorced,33986.0,1,0,2013-03-14,43,16,2,18,2,1,5,1,1,0,3,7,0,0,0,0,0,0,3,0,0,no_conversion,6,18,Low Income
1287,2516,1969,2n Cycle,Married,46831.0,1,1,2013-06-08,84,22,2,10,6,4,34,2,1,2,2,4,0,0,0,0,0,0,3,0,0,no_conversion,6,18,Medium Income
1290,4808,1956,Graduation,Married,15759.0,0,0,2013-09-05,12,1,2,5,6,0,3,1,1,0,2,7,0,0,0,0,0,0,3,0,0,no_conversion,6,18,Low Income
1291,5068,1971,Graduation,Single,22804.0,1,0,2013-07-31,75,14,1,7,2,1,1,1,2,0,2,9,0,0,0,0,0,0,3,0,0,no_conversion,6,18,Low Income
1293,7128,1977,PhD,Single,42997.0,1,1,2013-12-07,91,4,0,5,0,1,5,1,1,0,2,7,0,0,0,0,0,0,3,0,0,no_conversion,6,18,Medium Income
1296,1663,1978,PhD,Together,34043.0,1,0,2013-10-25,97,20,2,14,3,0,10,1,2,0,2,9,0,0,0,0,0,0,3,0,0,no_conversion,6,18,Low Income
1299,10641,1978,Graduation,Single,7500.0,1,1,2012-12-27,5,6,5,4,13,4,25,4,2,1,3,6,0,0,0,0,0,0,3,0,0,no_conversion,6,18,Low Income
1302,1878,1985,2n Cycle,Married,23148.0,0,0,2014-02-18,83,4,6,8,6,3,10,1,2,0,3,7,0,0,0,0,0,0,3,0,0,no_conversion,6,18,Low Income
1315,6197,1962,PhD,Single,27238.0,1,1,2013-04-20,39,37,0,17,0,0,3,3,3,0,3,9,0,0,0,0,0,0,3,0,0,no_conversion,6,18,Low Income
1317,4937,1973,2n Cycle,Married,46094.0,1,1,2014-06-10,62,12,2,20,3,2,5,1,1,0,3,7,0,0,0,0,0,0,3,0,0,no_conversion,6,18,Medium Income
1318,1920,1972,Graduation,Married,40321.0,1,1,2013-07-29,59,44,4,21,6,0,27,2,3,0,3,7,0,0,0,0,0,0,3,0,0,no_conversion,6,18,Medium Income
1319,8749,1984,Graduation,Together,37235.0,1,0,2014-02-01,68,20,2,9,4,6,20,1,1,1,2,4,0,0,0,0,0,0,3,0,0,no_conversion,6,18,Medium Income
1323,10971,1977,Graduation,Single,37774.0,2,0,2012-09-03,28,173,8,107,7,2,176,4,7,2,3,9,1,0,0,0,0,1,3,11,1,cmp3,3,9,Medium Income
1324,6398,1974,Basic,Married,18393.0,1,0,2014-03-29,2,7,10,13,16,0,4,2,3,0,3,8,0,0,0,0,0,0,3,0,0,no_conversion,6,18,Low Income
1326,7937,1982,Graduation,Married,24711.0,0,0,2014-04-18,86,10,7,25,6,3,7,1,3,0,3,7,0,0,0,0,0,0,3,0,0,no_conversion,6,18,Low Income
1328,4246,1982,Master,Single,6560.0,0,0,2013-12-12,2,67,11,26,4,3,262,0,1,0,1,17,0,0,0,0,0,0,3,0,0,no_conversion,6,18,Low Income
1330,4832,1979,Graduation,Married,27244.0,1,0,2014-03-07,84,6,5,17,3,24,46,2,2,2,2,7,0,0,0,0,0,0,3,0,0,no_conversion,6,18,Low Income
1337,9635,1983,Master,Married,35876.0,0,0,2014-04-20,13,66,2,40,4,3,14,1,3,1,3,6,0,0,0,0,0,0,3,0,0,no_conversion,6,18,Low Income
1338,2173,1952,Graduation,Widow,40049.0,0,1,2013-10-16,23,13,6,7,0,3,3,1,1,0,3,6,0,0,0,0,0,0,3,0,0,no_conversion,6,18,Medium Income
1339,942,1982,Graduation,Single,39660.0,1,0,2012-08-08,36,139,13,78,20,13,36,3,7,1,3,9,0,0,0,0,0,0,3,11,1,cmp6,6,18,Medium Income
1344,5181,1982,Basic,Single,24367.0,1,0,2013-03-20,58,2,4,2,0,11,5,1,1,0,2,9,0,0,0,0,0,0,3,0,0,no_conversion,6,18,Low Income
1345,979,1975,Graduation,Single,33249.0,1,0,2013-02-20,11,6,10,21,19,14,42,2,2,1,3,6,0,0,0,0,0,0,3,0,0,no_conversion,6,18,Low Income
1346,10390,1959,2n Cycle,Married,26887.0,0,1,2013-02-10,27,6,7,4,3,4,6,1,1,0,3,6,0,0,0,0,0,0,3,0,0,no_conversion,6,18,Low Income
1352,8369,1987,Graduation,Together,18227.0,1,0,2012-11-08,21,1,2,7,4,3,11,1,0,1,2,8,0,0,0,0,0,0,3,0,0,no_conversion,6,18,Low Income
1356,7912,1978,Graduation,Married,38136.0,1,0,2013-04-22,69,8,15,27,0,20,33,2,3,1,2,8,1,0,0,0,0,0,3,11,0,cmp3,3,9,Medium Income
1361,1384,1992,Basic,Married,17256.0,1,0,2013-11-23,10,6,4,14,8,8,22,2,2,1,2,8,1,0,0,0,0,0,3,11,0,cmp3,3,9,Low Income
1367,3231,1973,Graduation,Married,37971.0,1,0,2013-11-25,97,5,4,10,2,2,7,1,1,0,3,8,0,0,0,0,0,0,3,0,0,no_conversion,6,18,Medium Income
1372,10258,1965,Master,Single,35791.0,2,1,2013-05-06,94,27,0,5,0,0,3,2,1,0,3,8,0,0,0,0,0,0,3,0,0,no_conversion,6,18,Low Income
1377,6770,1985,Graduation,Married,21355.0,1,0,2013-08-20,5,5,13,14,0,5,31,2,2,1,2,6,1,0,0,0,0,0,3,11,1,cmp3,3,9,Low Income
1380,10420,1955,Master,Divorced,46390.0,0,1,2014-05-05,56,95,14,64,2,9,38,1,4,2,3,7,0,0,0,0,0,0,3,0,0,no_conversion,6,18,Medium Income
1384,793,1973,Graduation,Married,20895.0,1,0,2012-10-06,24,18,3,17,3,0,4,1,2,0,3,9,0,0,0,0,0,0,3,0,0,no_conversion,6,18,Low Income
1387,8702,1976,2n Cycle,Together,26907.0,1,1,2013-08-20,10,9,1,7,0,3,2,2,1,0,3,7,0,0,0,0,0,0,3,0,0,no_conversion,6,18,Low Income
1388,4791,1980,Graduation,Together,44964.0,1,1,2012-12-16,35,19,1,17,2,0,2,1,1,0,3,8,0,0,0,0,0,0,3,0,0,no_conversion,6,18,Medium Income
1390,8216,1972,Master,Married,53761.0,1,1,2013-10-11,7,158,0,76,13,7,71,6,4,4,3,5,0,0,0,0,0,0,3,0,0,no_conversion,6,18,Medium Income
1392,10146,1972,PhD,Together,38887.0,1,0,2014-03-02,17,25,1,13,0,0,3,1,1,0,3,7,0,0,0,0,0,0,3,0,0,no_conversion,6,18,Medium Income
1393,5289,1975,2n Cycle,Single,41658.0,1,1,2012-11-09,30,8,4,12,15,4,29,2,1,1,2,4,0,0,0,0,0,0,3,0,0,no_conversion,6,18,Medium Income
1394,2587,1972,PhD,Married,29791.0,1,0,2014-05-15,21,14,0,6,0,0,0,2,2,0,3,5,0,0,0,0,0,0,3,0,0,no_conversion,6,18,Low Income
1396,8663,1974,Graduation,Divorced,39996.0,1,1,2014-05-22,85,11,0,3,0,0,1,1,1,0,2,6,0,0,0,0,0,0,3,0,0,no_conversion,6,18,Medium Income
1397,2589,1972,Graduation,Divorced,26759.0,1,0,2014-02-07,65,25,3,16,8,5,2,2,2,1,3,6,0,0,0,0,0,0,3,0,0,no_conversion,6,18,Low Income
1402,2534,1953,Graduation,Married,37716.0,0,1,2014-04-21,4,97,1,41,6,2,41,2,4,1,3,7,0,0,0,0,0,0,3,0,0,no_conversion,6,18,Medium Income
1409,10010,1953,PhD,Divorced,36957.0,1,1,2012-09-06,43,100,2,16,2,1,31,4,3,2,2,9,0,0,0,0,0,0,3,11,1,cmp6,6,18,Medium Income
1412,361,1969,Master,Married,43142.0,1,1,2014-02-18,84,5,1,7,2,1,4,1,1,0,2,7,0,0,0,0,0,0,3,0,0,no_conversion,6,18,Medium Income
1414,2678,1990,Graduation,Single,34412.0,1,0,2013-02-13,62,52,12,50,4,36,55,3,5,0,3,9,0,0,0,0,0,0,3,0,0,no_conversion,6,18,Low Income
1416,524,1966,Basic,Together,22634.0,0,0,2013-01-16,47,2,23,11,8,6,46,1,2,1,2,8,0,0,0,0,0,0,3,0,0,no_conversion,6,18,Low Income
1418,5654,1972,Graduation,Married,36026.0,2,1,2014-03-16,34,20,4,10,6,4,17,2,2,0,3,6,0,0,0,0,0,0,3,0,0,no_conversion,6,18,Low Income
1420,5824,1972,PhD,Together,34578.0,2,1,2014-04-11,1,7,0,1,0,0,0,1,1,0,2,6,0,0,0,0,0,0,3,0,0,no_conversion,6,18,Low Income
1423,5229,1969,PhD,Together,54132.0,0,1,2014-02-16,81,30,1,8,0,0,3,1,1,0,3,7,0,0,0,0,0,0,3,0,0,no_conversion,6,18,Medium Income
1424,4086,1959,Graduation,Married,18690.0,0,0,2012-12-28,77,6,1,7,23,4,19,1,1,1,2,8,0,0,0,0,0,0,3,0,0,no_conversion,6,18,Low Income
1426,8254,1974,PhD,Married,34596.0,1,0,2013-04-13,48,14,0,2,0,0,7,1,1,0,2,8,0,0,0,0,0,0,3,0,0,no_conversion,6,18,Low Income
1427,2836,1972,PhD,Married,43269.0,1,0,2013-09-16,61,10,1,7,0,0,1,1,1,0,2,8,0,0,0,0,0,0,3,0,0,no_conversion,6,18,Medium Income
1428,8418,1958,2n Cycle,Single,38741.0,1,1,2014-03-30,60,7,10,17,8,6,13,2,2,0,3,7,0,0,0,0,0,0,3,0,0,no_conversion,6,18,Medium Income
1430,7152,1983,Master,Married,27100.0,1,0,2013-04-05,64,12,0,13,2,0,10,1,1,0,3,7,0,0,0,0,0,0,3,0,0,no_conversion,6,18,Low Income
1431,10033,1973,2n Cycle,Divorced,31163.0,1,0,2014-02-13,54,2,3,10,11,2,10,1,1,0,3,6,0,0,0,0,0,0,3,0,0,no_conversion,6,18,Low Income
1433,274,1973,Graduation,Single,34853.0,1,1,2013-12-23,75,9,3,15,2,3,2,2,2,0,3,6,0,0,0,0,0,0,3,0,0,no_conversion,6,18,Low Income
1435,922,1979,2n Cycle,Married,31086.0,1,1,2013-05-04,79,16,2,11,3,0,16,2,1,1,2,8,1,0,0,0,0,0,3,11,0,cmp3,3,9,Low Income
1437,2518,1986,2n Cycle,Together,20491.0,0,0,2013-01-25,16,5,4,5,4,2,10,1,0,1,2,7,0,0,0,0,0,0,3,0,0,no_conversion,6,18,Low Income
1440,5967,1952,Graduation,Together,33402.0,1,1,2013-07-18,60,26,2,19,10,5,8,3,2,1,3,8,0,0,0,0,0,0,3,0,0,no_conversion,6,18,Low Income
1441,1183,1949,Master,Married,36408.0,1,1,2013-09-21,11,9,1,4,3,2,3,1,1,0,2,6,0,0,0,0,0,0,3,0,0,no_conversion,6,18,Medium Income
1442,6856,1979,Graduation,Together,21645.0,1,0,2012-09-03,75,14,0,23,4,5,19,3,3,0,3,9,0,0,0,0,0,0,3,11,1,cmp6,6,18,Low Income
1453,5975,1967,PhD,Single,40304.0,1,0,2013-09-30,82,37,0,17,0,0,3,1,2,0,3,7,0,0,0,0,0,0,3,0,0,no_conversion,6,18,Medium Income
1462,2945,1955,PhD,Together,46015.0,1,1,2014-04-13,25,38,0,2,0,0,6,1,1,0,3,7,1,0,0,0,1,0,3,11,0,cmp2,2,6,Medium Income
1463,10403,1978,Graduation,Together,16531.0,1,0,2014-06-18,43,2,13,6,7,5,11,3,3,0,3,7,0,0,0,0,0,0,3,0,0,no_conversion,6,18,Low Income
1464,5074,1986,Master,Married,28072.0,1,0,2013-07-08,10,30,0,10,2,0,5,1,1,0,3,7,0,0,0,0,0,0,3,0,0,no_conversion,6,18,Low Income
1468,7196,1950,PhD,Married,41145.0,1,1,2014-02-08,20,9,0,3,0,0,1,1,0,0,3,3,0,0,0,0,0,0,3,0,0,no_conversion,6,18,Medium Income
1470,9672,1970,2n Cycle,Married,23162.0,1,1,2013-12-21,82,8,3,9,19,4,22,3,1,1,3,6,0,0,0,0,0,0,3,0,0,no_conversion,6,18,Low Income
1471,4864,1977,Graduation,Married,34380.0,1,0,2013-05-02,68,72,7,58,13,1,24,4,4,1,3,8,0,0,0,0,0,0,3,0,0,no_conversion,6,18,Low Income
1472,4706,1966,Graduation,Single,34704.0,0,1,2013-04-27,65,29,0,5,0,1,5,1,1,0,3,5,0,0,0,0,0,0,3,0,0,no_conversion,6,18,Low Income
1477,4220,1970,PhD,Married,59892.0,0,1,2013-11-02,26,73,0,13,0,1,0,1,2,1,3,3,0,0,0,0,0,0,3,0,0,no_conversion,6,18,Medium Income
1482,3102,1981,2n Cycle,Together,19414.0,1,0,2013-10-16,32,2,3,12,3,5,7,1,1,0,3,8,0,0,0,0,0,0,3,0,0,no_conversion,6,18,Low Income
1483,5868,1980,Graduation,Married,19107.0,1,0,2013-08-22,49,2,4,9,10,5,16,2,1,0,3,7,0,0,0,0,0,0,3,0,0,no_conversion,6,18,Low Income
1496,6885,1977,Graduation,Divorced,32952.0,1,0,2013-12-01,36,38,0,12,3,1,1,1,2,0,3,7,0,0,0,0,0,0,3,0,0,no_conversion,6,18,Low Income
1501,5751,1973,2n Cycle,Divorced,31163.0,1,0,2014-02-13,54,2,3,10,11,2,10,1,1,0,3,6,0,0,0,0,0,0,3,0,0,no_conversion,6,18,Low Income
1511,9,1975,Master,Single,46098.0,1,1,2012-08-18,86,57,0,27,0,0,36,4,3,2,2,8,0,0,0,0,0,0,3,0,0,no_conversion,6,18,Medium Income
1514,3865,1977,2n Cycle,Together,20981.0,0,0,2013-04-30,14,2,12,10,6,13,30,1,3,1,2,8,0,0,0,0,0,0,3,11,1,cmp6,6,18,Low Income
1518,10380,1972,Master,Married,37787.0,1,0,2013-09-20,50,40,1,40,4,3,18,1,3,0,3,8,0,0,0,0,0,0,3,0,0,no_conversion,6,18,Medium Income
1519,3887,1970,Graduation,Single,27242.0,1,0,2012-11-11,2,3,17,26,20,1,39,2,2,0,3,9,0,0,0,0,0,0,3,11,1,cmp6,6,18,Low Income
1522,1998,1976,Graduation,Single,37697.0,1,0,2014-02-07,82,34,6,21,11,4,8,1,2,1,3,6,0,0,0,0,0,0,3,0,0,no_conversion,6,18,Medium Income
1523,10795,1973,PhD,Married,37401.0,1,0,2014-05-06,14,19,3,19,3,1,3,2,2,0,3,7,0,0,0,0,0,0,3,0,0,no_conversion,6,18,Medium Income
1524,11110,1973,Graduation,Single,3502.0,1,0,2013-04-13,56,2,1,1,0,0,1,0,0,0,0,14,0,0,0,0,0,0,3,0,0,no_conversion,6,18,Low Income
1527,7998,1958,Graduation,Together,28087.0,1,1,2012-12-11,77,53,8,17,13,0,21,3,2,2,2,7,0,0,0,0,0,0,3,0,0,no_conversion,6,18,Low Income
1529,3536,1960,Graduation,Together,19740.0,0,1,2013-03-24,65,7,11,3,10,4,20,2,1,1,3,5,0,0,0,0,0,0,3,0,0,no_conversion,6,18,Low Income
1533,2804,1975,Master,Single,46098.0,1,1,2012-08-18,86,57,0,27,0,0,36,4,3,2,2,8,0,0,0,0,0,0,3,11,1,cmp6,6,18,Medium Income
1534,3745,1988,2n Cycle,Married,23331.0,1,0,2012-09-04,92,5,36,7,0,10,45,2,3,0,3,8,0,0,0,0,0,0,3,0,0,no_conversion,6,18,Low Income
1536,451,1989,Graduation,Single,9255.0,1,0,2013-12-20,91,9,0,7,2,0,4,1,1,1,2,8,0,0,0,0,0,0,3,0,0,no_conversion,6,18,Low Income
1543,73,1953,PhD,Single,51411.0,1,2,2013-05-26,81,14,0,3,0,0,1,1,0,0,3,5,0,0,0,0,0,0,3,0,0,no_conversion,6,18,Medium Income
1545,10212,1986,Master,Together,42386.0,1,0,2013-01-13,43,65,4,16,0,4,11,1,3,0,3,8,0,0,0,0,0,0,3,0,0,no_conversion,6,18,Medium Income
1546,6365,1987,2n Cycle,Married,30390.0,0,0,2013-09-02,5,10,12,12,25,1,20,1,2,0,3,6,0,0,0,0,0,0,3,0,0,no_conversion,6,18,Low Income
1547,5636,1963,Graduation,Single,30983.0,0,0,2012-11-09,50,51,4,50,12,1,49,1,4,0,3,8,0,0,0,0,0,0,3,11,1,cmp6,6,18,Low Income
1549,2217,1975,2n Cycle,Married,37284.0,1,1,2013-03-29,46,11,1,2,2,1,6,1,0,0,3,6,0,0,0,0,0,0,3,0,0,no_conversion,6,18,Medium Income
1555,7791,1967,Master,Married,37054.0,1,1,2013-09-15,89,12,1,6,0,1,5,2,1,0,3,7,0,0,0,0,0,0,3,0,0,no_conversion,6,18,Medium Income
1557,4037,1976,Graduation,Divorced,31859.0,1,0,2013-06-14,77,3,1,3,8,0,5,1,1,0,2,7,0,0,0,0,0,0,3,0,0,no_conversion,6,18,Low Income
1562,9530,1988,Graduation,Married,24645.0,1,0,2012-11-01,16,5,3,4,4,1,0,1,1,0,2,8,0,0,0,0,0,0,3,0,0,no_conversion,6,18,Low Income
1564,10699,1985,Graduation,Married,44322.0,1,0,2014-06-16,30,46,0,40,3,0,3,2,3,0,3,8,0,0,0,0,0,0,3,0,0,no_conversion,6,18,Medium Income
1571,9916,1954,Graduation,Married,38998.0,1,1,2012-11-03,92,34,1,14,0,0,5,3,2,0,3,8,0,0,0,0,0,1,3,0,0,no_conversion,6,18,Medium Income
1573,8135,1986,Master,Married,27161.0,1,0,2013-10-28,41,7,4,23,7,0,11,1,1,0,3,7,0,0,0,0,0,0,3,0,0,no_conversion,6,18,Low Income
1576,2130,1982,Graduation,Together,45203.0,2,0,2014-03-23,4,35,3,67,10,8,24,1,3,1,3,6,0,0,0,0,0,0,3,11,1,cmp6,6,18,Medium Income
1580,3790,1956,Graduation,Together,34633.0,2,1,2014-01-23,31,8,1,5,0,0,1,1,1,0,2,6,0,0,0,0,0,0,3,0,0,no_conversion,6,18,Low Income
1583,5223,1966,Master,Together,45903.0,0,1,2014-04-23,80,33,8,10,2,10,3,2,2,1,3,4,0,0,0,0,0,0,3,0,0,no_conversion,6,18,Medium Income
1585,1626,1973,PhD,Divorced,35860.0,1,1,2014-05-19,37,15,0,8,4,2,20,2,1,1,2,5,1,0,0,0,0,0,3,11,1,cmp3,3,9,Low Income
1592,10069,1988,Basic,Together,13724.0,1,0,2012-08-31,43,2,7,5,2,15,27,1,2,0,2,9,1,0,0,0,0,0,3,11,0,cmp3,3,9,Low Income
1599,7943,1975,PhD,Married,36663.0,1,0,2014-04-25,40,18,0,6,3,3,5,1,1,1,3,2,0,0,0,0,0,0,3,0,0,no_conversion,6,18,Medium Income
1600,5272,1965,Master,Married,53843.0,0,1,2013-06-27,64,378,0,88,19,4,73,4,8,5,3,7,0,0,0,0,0,0,3,0,0,no_conversion,6,18,Medium Income
1603,800,1960,Graduation,Together,44512.0,1,1,2013-08-30,57,23,1,6,0,0,2,2,1,0,3,4,0,0,0,0,0,0,3,0,0,no_conversion,6,18,Medium Income
1604,11092,1961,Graduation,Married,27116.0,1,1,2014-03-02,78,12,1,21,2,2,3,2,2,0,3,7,0,0,0,0,0,0,3,0,0,no_conversion,6,18,Low Income
1605,5062,1963,PhD,Married,54072.0,1,1,2013-07-27,71,35,0,4,0,0,0,1,2,0,2,8,0,0,0,0,0,0,3,0,0,no_conversion,6,18,Medium Income
1611,1773,1978,2n Cycle,Married,12393.0,0,0,2012-12-04,38,5,6,15,11,7,13,1,2,0,3,9,0,0,0,0,0,0,3,0,0,no_conversion,6,18,Low Income
1614,6215,1977,Graduation,Married,31353.0,1,1,2013-12-29,24,10,0,10,3,1,7,2,1,1,2,8,0,0,0,0,0,0,3,11,1,cmp6,6,18,Low Income
1616,5423,1983,Graduation,Together,28359.0,1,0,2013-10-27,35,6,0,5,2,1,2,1,1,0,2,7,0,0,0,0,0,0,3,0,0,no_conversion,6,18,Low Income
1628,9986,1982,Graduation,Together,19444.0,1,0,2014-02-22,8,16,0,23,3,2,10,3,4,1,2,7,0,0,0,0,0,0,3,11,1,cmp6,6,18,Low Income
1629,3276,1976,2n Cycle,Together,36301.0,1,0,2013-10-25,53,11,12,35,3,5,12,1,3,0,3,7,0,0,0,0,0,0,3,0,0,no_conversion,6,18,Low Income
1633,10207,1978,Graduation,Together,22775.0,1,0,2013-06-19,40,5,1,8,0,0,1,1,1,0,2,8,0,0,0,0,0,0,3,0,0,no_conversion,6,18,Low Income
1638,10785,1969,Graduation,Married,44078.0,1,1,2014-06-19,17,24,1,10,2,0,4,2,2,0,3,5,0,0,0,0,0,0,3,0,0,no_conversion,6,18,Medium Income
1639,2814,1976,Master,Together,30560.0,1,0,2013-06-27,6,9,1,5,4,5,7,1,1,0,3,7,0,0,0,0,0,0,3,0,0,no_conversion,6,18,Low Income
1640,6866,1969,Master,Together,35924.0,1,1,2014-03-23,56,8,0,14,2,3,7,1,1,0,3,5,0,0,0,0,0,0,3,0,0,no_conversion,6,18,Low Income
1643,3829,1979,Basic,Together,24594.0,1,0,2013-12-10,94,1,3,6,10,0,9,1,1,0,3,5,0,0,0,0,0,0,3,0,0,no_conversion,6,18,Low Income
1645,10141,1960,Master,Divorced,39228.0,0,0,2013-05-10,1,7,1,6,0,3,3,1,0,0,3,4,0,0,0,0,0,0,3,0,0,no_conversion,6,18,Medium Income
1650,8079,1982,Graduation,Married,22448.0,1,0,2014-02-26,86,3,1,8,23,2,18,3,2,1,3,3,0,0,0,0,0,0,3,0,0,no_conversion,6,18,Low Income
1652,10352,1963,Graduation,Widow,34213.0,1,1,2012-09-07,2,50,4,28,6,3,26,3,3,1,2,9,0,0,0,0,0,0,3,11,1,cmp6,6,18,Low Income
1654,13,1947,PhD,Widow,25358.0,0,1,2013-07-22,57,19,0,5,0,0,8,2,1,0,3,6,0,0,0,0,0,0,3,0,0,no_conversion,6,18,Low Income
1655,1834,1978,Master,Single,35544.0,1,0,2014-03-08,77,30,5,23,4,1,4,1,2,0,3,7,0,0,0,0,0,0,3,0,0,no_conversion,6,18,Low Income
1661,1404,1968,Graduation,Together,34916.0,2,0,2013-05-15,89,51,23,82,33,0,42,4,5,1,3,9,0,0,0,0,0,0,3,0,0,no_conversion,6,18,Low Income
1663,2639,1966,Graduation,Single,43602.0,1,1,2014-01-10,45,19,5,12,10,3,19,3,3,1,2,6,0,0,0,0,0,0,3,0,0,no_conversion,6,18,Medium Income
1664,8299,1989,PhD,Single,33996.0,0,0,2013-09-11,46,40,2,15,8,0,6,1,1,1,3,4,0,0,0,0,0,0,3,0,0,no_conversion,6,18,Low Income
1665,6437,1985,2n Cycle,Single,41473.0,1,0,2013-06-19,80,21,8,20,15,3,9,1,2,0,3,7,0,0,0,0,0,0,3,0,0,no_conversion,6,18,Medium Income
1677,6347,1979,Basic,Single,15862.0,1,0,2013-06-27,26,1,1,4,11,9,10,1,1,0,3,8,0,0,0,0,0,0,3,0,0,no_conversion,6,18,Low Income
1679,8230,1980,Graduation,Married,33228.0,1,0,2014-01-23,28,22,2,31,7,4,5,1,2,0,3,7,0,0,0,0,0,0,3,0,0,no_conversion,6,18,Low Income
1681,5939,1971,Graduation,Together,38232.0,1,1,2014-01-17,84,43,5,28,7,6,33,4,3,1,3,5,0,0,0,0,0,0,3,0,0,no_conversion,6,18,Medium Income
1683,7788,1983,PhD,Married,23536.0,1,0,2014-06-04,53,6,0,3,0,0,1,1,0,0,3,3,0,0,0,0,0,0,3,0,0,no_conversion,6,18,Low Income
1685,7947,1969,Graduation,Married,42231.0,1,1,2014-03-25,99,24,0,8,0,1,4,1,1,0,3,5,0,0,0,0,0,0,3,0,0,no_conversion,6,18,Medium Income
1692,10790,1985,PhD,Married,18169.0,1,0,2013-02-19,40,9,0,5,0,0,7,1,1,0,2,8,0,0,0,0,0,0,3,0,0,no_conversion,6,18,Low Income
1693,10398,1981,2n Cycle,Single,24336.0,1,0,2012-08-27,82,1,6,2,8,2,12,1,1,0,2,7,0,0,0,0,0,0,3,0,0,no_conversion,6,18,Low Income
1694,2431,1990,Graduation,Married,18222.0,0,0,2012-12-31,70,12,4,19,12,6,14,1,2,0,3,8,0,0,0,0,0,0,3,0,0,no_conversion,6,18,Low Income
1696,1890,1971,2n Cycle,Together,42033.0,1,1,2012-09-19,95,11,1,4,2,0,7,1,1,0,2,7,0,0,0,0,0,0,3,0,0,no_conversion,6,18,Medium Income
1698,10356,1957,PhD,Divorced,41437.0,1,1,2012-09-22,5,29,0,2,0,0,1,1,1,0,3,7,0,0,0,0,0,0,3,0,0,no_conversion,6,18,Medium Income
1701,3565,1955,Master,Married,38452.0,1,1,2014-03-30,62,56,0,14,0,0,2,3,3,0,3,7,0,0,0,0,0,0,3,0,0,no_conversion,6,18,Medium Income
1704,7349,1973,Basic,Together,9722.0,1,0,2012-10-02,7,6,17,16,6,16,42,4,3,1,3,8,0,0,0,0,0,0,3,11,1,cmp6,6,18,Low Income
1714,4055,1992,Basic,Single,18746.0,1,0,2014-05-29,41,2,10,11,12,9,20,2,3,0,3,6,0,0,0,0,0,0,3,0,0,no_conversion,6,18,Low Income
1717,7629,1977,Graduation,Married,22108.0,1,1,2014-05-08,46,5,3,9,6,2,6,2,2,0,3,7,0,0,0,0,0,0,3,0,0,no_conversion,6,18,Low Income
1720,6742,1979,Graduation,Married,17688.0,1,0,2013-01-13,82,2,2,1,3,1,2,1,1,0,2,8,0,0,0,0,0,1,3,0,0,no_conversion,6,18,Low Income
1725,2634,1979,Master,Single,16653.0,1,0,2014-04-18,10,5,7,31,15,4,7,3,2,1,3,6,0,0,0,0,0,0,3,11,1,cmp6,6,18,Low Income
1727,1744,1965,Basic,Single,23529.0,0,1,2013-01-07,67,9,7,13,3,2,20,1,1,1,2,6,0,0,0,0,0,0,3,0,0,no_conversion,6,18,Low Income
1730,8605,1964,PhD,Together,46910.0,1,1,2014-03-23,36,48,0,14,0,0,6,2,2,0,3,6,0,0,0,0,0,0,3,0,0,no_conversion,6,18,Medium Income
1731,10304,1959,Graduation,Married,18690.0,0,0,2012-12-28,77,6,1,7,23,4,19,1,1,1,2,8,0,0,0,0,0,0,3,0,0,no_conversion,6,18,Low Income
1732,4351,1955,Graduation,Divorced,37244.0,1,1,2013-04-27,90,18,2,10,0,0,25,1,1,1,2,7,1,0,0,0,0,0,3,11,0,cmp3,3,9,Medium Income
1739,1064,1971,PhD,Married,42403.0,1,0,2013-12-11,18,22,1,11,0,5,3,1,1,0,3,8,0,0,0,0,0,0,3,0,0,no_conversion,6,18,Medium Income
1740,48,1964,Graduation,Together,55761.0,0,1,2014-04-24,97,136,1,12,0,3,32,2,4,1,3,6,0,1,0,0,0,0,3,11,0,cmp4,4,12,Medium Income
1742,263,1945,PhD,Single,45576.0,0,0,2014-05-28,9,56,19,29,2,14,25,1,3,1,3,8,0,0,0,0,0,0,3,11,1,cmp6,6,18,Medium Income
1746,10250,1947,Basic,Together,28389.0,0,0,2012-11-20,49,1,5,3,7,4,8,1,1,0,2,7,0,0,0,0,0,0,3,0,0,no_conversion,6,18,Low Income
1752,3878,1980,2n Cycle,Single,31859.0,1,0,2014-02-27,3,3,4,7,15,8,11,1,1,0,3,7,0,0,0,0,0,0,3,0,0,no_conversion,6,18,Low Income
1754,2154,1971,Graduation,Widow,30372.0,1,1,2012-12-25,33,15,0,12,7,3,7,3,2,0,3,7,0,0,0,0,0,0,3,0,0,no_conversion,6,18,Low Income
1756,3798,1968,Graduation,Married,41120.0,1,1,2013-11-06,80,24,2,23,0,8,24,3,2,1,3,6,0,0,0,0,0,0,3,0,0,no_conversion,6,18,Medium Income
1757,3524,1971,Master,Single,39763.0,1,0,2013-08-04,9,80,1,60,4,6,16,2,5,1,2,9,0,0,0,0,0,0,3,11,1,cmp6,6,18,Medium Income
1761,8812,1979,2n Cycle,Divorced,13533.0,1,0,2013-03-10,45,12,3,8,8,0,17,2,2,0,3,7,0,0,0,0,0,0,3,0,0,no_conversion,6,18,Low Income
1764,4328,1986,2n Cycle,Married,21955.0,1,0,2013-09-07,81,5,1,7,17,14,11,2,2,1,3,6,0,0,0,0,0,0,3,0,0,no_conversion,6,18,Low Income
1766,10560,1980,PhD,Single,36802.0,1,0,2014-06-16,23,16,1,2,0,0,1,1,1,0,3,5,0,0,0,0,0,0,3,0,0,no_conversion,6,18,Medium Income
1768,8312,1961,Basic,Married,28249.0,0,0,2014-06-15,80,1,9,7,2,14,10,1,2,0,3,6,0,0,0,0,0,0,3,0,0,no_conversion,6,18,Low Income
1769,5534,1975,Master,Married,47808.0,0,1,2013-10-20,30,123,1,26,2,0,72,2,3,2,3,7,1,0,0,0,0,0,3,11,0,cmp3,3,9,Medium Income
1770,5093,1974,PhD,Divorced,25509.0,1,0,2012-09-18,15,40,3,30,10,7,11,3,3,0,3,9,0,0,0,0,0,0,3,11,1,cmp6,6,18,Low Income
1774,2694,1967,Graduation,Married,42664.0,0,1,2014-03-18,44,21,0,3,0,0,0,1,1,0,3,6,0,0,0,0,0,0,3,0,0,no_conversion,6,18,Medium Income
1778,10477,1973,PhD,Together,39435.0,1,0,2013-08-06,16,71,0,18,0,0,13,1,3,1,2,7,0,0,0,0,0,0,3,0,0,no_conversion,6,18,Medium Income
1780,5150,1979,Basic,Single,20194.0,1,0,2012-12-17,64,0,4,7,11,10,15,2,2,0,3,6,0,0,0,0,0,0,3,0,0,no_conversion,6,18,Low Income
1790,1419,1950,Graduation,Together,34026.0,1,1,2013-08-05,11,18,6,15,12,8,17,3,2,1,3,5,0,0,0,0,0,0,3,0,0,no_conversion,6,18,Low Income
1793,1250,1976,Graduation,Single,37697.0,1,0,2014-02-07,82,34,6,21,11,4,8,1,2,1,3,6,0,0,0,0,0,0,3,0,0,no_conversion,6,18,Medium Income
1794,9905,1952,Graduation,Together,34074.0,1,1,2013-07-13,69,135,1,41,10,1,67,5,3,3,3,6,1,0,0,0,0,0,3,11,0,cmp3,3,9,Low Income
1795,10691,1960,Master,Married,28520.0,1,1,2013-06-14,55,11,0,10,0,2,20,1,1,1,2,6,0,0,0,0,0,0,3,0,0,no_conversion,6,18,Low Income
1797,2952,1977,Master,Single,36273.0,1,0,2014-04-16,80,29,3,30,3,2,9,2,3,0,3,6,0,0,0,0,0,0,3,0,0,no_conversion,6,18,Low Income
1804,8397,1951,Graduation,Married,44689.0,1,1,2014-01-10,82,18,0,5,0,0,11,2,1,1,2,7,1,0,0,0,0,0,3,11,0,cmp3,3,9,Medium Income
1806,6237,1966,PhD,Single,7144.0,0,2,2013-12-07,92,81,4,33,5,2,291,0,23,1,1,0,0,0,0,0,0,0,3,0,0,no_conversion,6,18,Low Income
1810,5513,1966,Graduation,Together,37758.0,1,1,2012-10-04,49,27,2,10,0,0,1,2,1,0,3,8,0,0,0,0,0,0,3,0,0,no_conversion,6,18,Medium Income
1815,2549,1983,PhD,Together,21840.0,1,0,2013-07-21,80,17,0,9,0,0,1,1,1,0,3,9,0,0,0,0,0,0,3,0,0,no_conversion,6,18,Low Income
1819,8566,1961,PhD,Together,32583.0,1,1,2014-06-15,10,5,0,3,0,0,1,1,1,0,2,7,0,0,0,0,0,0,3,0,0,no_conversion,6,18,Low Income
1821,5684,1971,Master,Divorced,44635.0,1,1,2013-10-11,25,56,0,9,0,0,3,2,2,0,3,7,0,0,0,0,0,0,3,0,0,no_conversion,6,18,Medium Income
1825,78,1969,Graduation,Married,25293.0,1,0,2013-09-15,51,15,0,11,0,2,9,1,1,1,2,8,0,0,0,0,0,0,3,0,0,no_conversion,6,18,Low Income
1829,1087,1975,Master,Together,22669.0,1,0,2013-05-22,30,16,14,36,37,22,48,3,4,1,2,9,0,0,0,0,0,0,3,11,1,cmp6,6,18,Low Income
1830,6859,1987,Graduation,Single,29236.0,1,0,2013-10-08,30,37,4,24,16,9,9,2,4,0,3,9,0,0,0,0,0,0,3,0,0,no_conversion,6,18,Low Income
1835,7393,1978,Graduation,Together,41580.0,1,1,2012-12-10,15,56,5,24,4,0,3,3,2,1,3,5,0,0,0,0,0,0,3,0,0,no_conversion,6,18,Medium Income
1838,9847,1955,2n Cycle,Married,62972.0,0,1,2012-08-03,39,313,15,47,20,0,192,2,7,4,3,6,0,0,0,0,0,0,3,0,0,no_conversion,6,18,Medium Income
1842,7419,1968,Master,Divorced,27071.0,1,0,2014-04-23,90,8,3,19,0,2,3,2,2,0,3,6,0,0,0,0,0,0,3,0,0,no_conversion,6,18,Low Income
1846,9931,1963,PhD,Married,4023.0,1,1,2014-06-23,29,5,0,1,1,1,1,15,0,0,0,19,0,0,0,0,0,0,3,0,0,no_conversion,6,18,Low Income
1847,10595,1990,Graduation,Married,30093.0,0,0,2013-07-08,19,2,6,28,13,4,16,1,2,0,3,7,0,0,0,0,0,0,3,0,0,no_conversion,6,18,Low Income
1849,5010,1988,Graduation,Single,25008.0,1,0,2014-02-02,72,2,8,8,6,1,9,2,1,0,3,8,0,0,0,0,0,0,3,0,0,no_conversion,6,18,Low Income
1851,11148,1975,Graduation,Together,22280.0,1,0,2013-05-19,85,2,1,4,3,1,2,1,1,0,2,8,0,0,0,0,0,0,3,0,0,no_conversion,6,18,Low Income
1861,10241,1975,2n Cycle,Divorced,11448.0,0,0,2013-12-15,16,0,0,0,6,2,6,1,1,0,2,6,0,0,0,0,0,0,3,0,0,no_conversion,6,18,Low Income
1866,4227,1968,Master,Together,32889.0,1,1,2013-09-06,78,28,0,13,4,2,8,3,2,1,3,5,0,0,0,0,0,0,3,0,0,no_conversion,6,18,Low Income
1867,9467,1984,Graduation,Single,34738.0,1,0,2014-05-11,51,3,2,10,3,0,2,1,1,0,3,6,0,0,0,0,0,0,3,0,0,no_conversion,6,18,Low Income
1870,3286,1967,PhD,Divorced,26642.0,1,0,2014-03-01,71,13,2,15,2,2,8,2,2,0,3,6,0,0,0,0,0,0,3,0,0,no_conversion,6,18,Low Income
1872,3722,1972,Graduation,Single,44503.0,1,1,2014-04-16,83,31,1,8,0,0,8,2,2,0,3,6,0,0,0,0,0,0,3,0,0,no_conversion,6,18,Medium Income
1874,4796,1952,Graduation,Divorced,49638.0,0,1,2014-04-19,71,18,10,3,3,5,0,1,1,0,3,2,0,0,0,0,0,0,3,0,0,no_conversion,6,18,Medium Income
1875,9612,1987,2n Cycle,Single,23830.0,0,0,2014-02-07,3,1,8,6,4,8,16,1,1,0,3,7,0,0,0,0,0,0,3,0,0,no_conversion,6,18,Low Income
1881,8341,1969,PhD,Married,30396.0,1,0,2014-04-30,22,15,0,6,0,1,12,2,1,1,2,7,1,0,0,0,0,0,3,11,1,cmp3,3,9,Low Income
1884,7679,1985,PhD,Single,30298.0,0,0,2014-05-19,48,6,3,12,6,1,0,1,1,1,3,3,0,0,0,0,0,0,3,0,0,no_conversion,6,18,Low Income
1886,7505,1957,PhD,Married,44155.0,1,1,2014-01-19,24,22,1,9,0,0,14,1,1,1,2,4,0,0,0,0,0,0,3,0,0,no_conversion,6,18,Medium Income
1892,5790,1985,Graduation,Married,31158.0,1,0,2013-01-27,62,25,6,16,20,0,5,2,2,0,3,8,0,0,0,0,0,0,3,0,0,no_conversion,6,18,Low Income
1896,8462,1978,Basic,Together,24882.0,1,0,2012-09-09,52,1,4,10,29,0,36,1,1,1,2,6,1,0,0,0,0,0,3,11,0,cmp3,3,9,Low Income
1900,10789,1964,PhD,Married,45759.0,1,1,2013-02-23,13,42,1,18,3,0,4,2,2,0,3,7,0,0,0,0,0,0,3,0,0,no_conversion,6,18,Medium Income
1901,10779,1983,Graduation,Single,22148.0,0,0,2014-04-13,16,15,5,14,0,4,11,1,1,0,3,7,0,0,0,0,0,0,3,0,0,no_conversion,6,18,Low Income
1903,2337,1971,Graduation,Divorced,29819.0,1,0,2013-10-24,77,9,1,24,2,1,2,3,3,0,3,6,0,0,0,0,0,0,3,0,0,no_conversion,6,18,Low Income
1907,10680,1986,Graduation,Together,33235.0,1,0,2014-02-05,71,45,0,16,2,1,6,1,3,0,3,7,0,0,0,0,0,0,3,0,0,no_conversion,6,18,Low Income
1908,3265,1959,Graduation,Married,35701.0,0,0,2013-03-19,36,21,1,9,7,3,5,1,1,0,3,6,0,0,0,0,0,0,3,0,0,no_conversion,6,18,Low Income
1909,5623,1980,Master,Married,31535.0,1,0,2013-09-26,95,15,4,13,0,0,19,1,1,1,2,7,1,0,0,0,0,0,3,11,0,cmp3,3,9,Low Income
1917,4385,1981,PhD,Single,36038.0,1,0,2013-05-31,82,23,0,15,0,2,7,2,3,0,3,6,0,0,0,0,0,0,3,0,0,no_conversion,6,18,Low Income
1919,10686,1965,PhD,Together,34230.0,1,1,2012-12-26,72,15,0,4,0,0,2,1,1,0,2,7,0,0,0,0,0,0,3,0,0,no_conversion,6,18,Low Income
1925,3112,1977,Master,Married,22701.0,1,0,2013-09-05,2,2,4,9,0,4,5,1,1,0,3,5,0,0,0,0,0,0,3,0,0,no_conversion,6,18,Low Income
1932,1458,1982,Master,Married,21059.0,1,0,2014-01-07,40,8,3,19,3,3,8,3,3,0,3,6,0,0,0,0,0,0,3,0,0,no_conversion,6,18,Low Income
1933,7007,1968,Master,Married,29543.0,2,0,2014-04-01,47,17,3,18,3,4,18,2,3,1,2,7,0,0,0,0,0,0,3,0,0,no_conversion,6,18,Low Income
1935,1403,1975,2n Cycle,Together,34984.0,1,1,2012-09-06,40,8,4,15,3,5,3,2,1,0,3,7,0,0,0,0,0,0,3,0,0,no_conversion,6,18,Low Income
1938,9291,1959,Master,Married,34242.0,0,1,2014-03-23,25,8,2,4,0,0,1,1,0,0,3,5,0,0,0,0,0,0,3,0,0,no_conversion,6,18,Low Income
1941,5138,1950,Graduation,Together,28320.0,0,1,2013-01-14,68,19,1,14,3,2,4,1,1,0,3,8,0,0,0,0,0,0,3,0,0,no_conversion,6,18,Low Income
1942,5393,1977,Graduation,Single,23763.0,1,0,2012-08-07,64,22,0,6,6,2,6,1,1,0,3,7,0,0,0,0,0,0,3,0,0,no_conversion,6,18,Low Income
1944,5015,1976,Master,Married,34529.0,1,0,2012-09-14,94,68,6,38,3,6,41,2,2,2,3,7,0,0,0,0,0,0,3,0,0,no_conversion,6,18,Low Income
1948,7842,1968,Graduation,Single,36065.0,1,1,2013-03-31,54,18,7,34,10,2,3,3,3,0,3,8,0,0,0,0,0,0,3,0,0,no_conversion,6,18,Low Income
1956,8514,1976,Graduation,Together,29478.0,1,0,2014-01-17,59,8,0,7,3,1,1,1,1,0,3,6,0,0,0,0,0,0,3,0,0,no_conversion,6,18,Low Income
1963,3517,1952,Graduation,Single,40887.0,1,1,2013-05-06,32,50,4,44,10,10,43,3,3,1,3,9,0,0,0,0,0,0,3,11,1,cmp6,6,18,Medium Income
1971,4338,1983,Graduation,Single,39062.0,1,0,2014-03-25,28,23,0,9,0,0,12,1,1,0,3,4,1,0,0,0,0,0,3,11,0,cmp3,3,9,Medium Income
1975,10311,1969,Graduation,Married,4428.0,0,1,2013-10-05,0,16,4,12,2,4,321,0,25,0,0,1,0,0,0,0,0,0,3,0,0,no_conversion,6,18,Low Income
1978,9289,1979,Graduation,Married,36781.0,1,0,2014-04-10,16,29,1,17,0,3,13,1,2,1,2,8,0,0,0,0,0,0,3,11,1,cmp6,6,18,Medium Income
1979,10913,1984,Master,Single,31385.0,1,0,2012-12-05,56,3,2,12,0,1,9,1,1,0,2,8,1,0,0,0,0,0,3,11,1,cmp3,3,9,Low Income
1981,8524,1974,PhD,Divorced,25509.0,1,0,2012-09-18,15,40,3,30,10,7,11,3,3,0,3,9,0,0,0,0,0,0,3,11,1,cmp6,6,18,Low Income
1985,8619,1957,Graduation,Together,21994.0,0,1,2012-12-24,4,9,0,6,3,1,3,1,0,0,3,5,0,0,0,0,0,0,3,0,0,no_conversion,6,18,Low Income
1987,4552,1991,Graduation,Married,51373.0,0,0,2013-06-22,37,83,2,101,64,26,117,1,3,5,3,4,0,0,0,0,0,0,3,0,0,no_conversion,6,18,Medium Income
1994,4547,1960,Graduation,Together,13672.0,1,1,2013-04-17,86,6,2,9,2,1,5,2,1,0,3,8,0,0,0,0,0,0,3,0,0,no_conversion,6,18,Low Income
2000,4860,1970,Graduation,Single,24206.0,1,0,2013-03-08,66,7,2,8,3,2,3,1,1,0,3,6,0,0,0,0,0,0,3,0,0,no_conversion,6,18,Low Income
2001,10757,1967,PhD,Divorced,28420.0,1,0,2013-12-24,36,4,2,5,2,0,0,1,1,0,2,6,0,0,0,0,0,0,3,0,0,no_conversion,6,18,Low Income
2002,4023,1970,Graduation,Married,22979.0,1,0,2012-09-06,29,16,17,19,20,21,22,3,3,2,2,8,0,0,0,0,0,0,3,11,1,cmp6,6,18,Low Income
2003,6679,1966,Graduation,Single,33279.0,0,0,2014-06-12,29,10,3,3,0,0,0,1,0,0,3,3,0,0,0,0,0,0,3,0,0,no_conversion,6,18,Low Income
2005,7181,1977,Graduation,Married,30368.0,0,1,2013-11-07,97,35,0,13,2,0,2,2,2,0,3,8,0,0,0,0,0,0,3,0,0,no_conversion,6,18,Low Income
2007,405,1964,Graduation,Divorced,41638.0,0,1,2013-02-13,68,315,0,31,4,0,91,4,5,5,3,8,1,0,0,0,0,0,3,11,0,cmp3,3,9,Medium Income
2015,4102,1975,2n Cycle,Married,37284.0,1,1,2013-03-29,46,11,1,2,2,1,6,1,0,0,3,6,0,0,0,0,0,0,3,0,0,no_conversion,6,18,Medium Income
2016,7042,1983,Graduation,Married,36790.0,0,0,2013-03-01,14,3,3,14,15,21,10,1,2,1,2,9,0,0,0,0,0,0,3,11,1,cmp6,6,18,Medium Income
2017,10598,1967,Graduation,Together,27943.0,1,1,2013-04-15,89,12,1,16,4,1,3,3,2,0,3,8,0,0,0,0,0,0,3,0,0,no_conversion,6,18,Low Income
2018,255,1951,Graduation,Divorced,22263.0,1,1,2014-03-30,31,17,0,2,0,0,2,2,1,0,3,6,0,0,0,0,0,1,3,0,0,no_conversion,6,18,Low Income
2019,2375,1972,Graduation,Together,30261.0,1,2,2012-09-25,75,8,0,5,0,3,6,1,0,0,3,8,0,0,0,0,0,0,3,0,0,no_conversion,6,18,Low Income
2021,6214,1982,Master,Married,43815.0,1,0,2013-04-05,53,14,10,29,4,7,15,1,2,0,3,6,0,0,0,0,0,0,3,0,0,no_conversion,6,18,Medium Income
2026,4198,1965,Graduation,Together,29672.0,1,1,2013-03-12,6,9,1,3,0,4,8,1,0,0,3,6,0,0,0,0,0,0,3,0,0,no_conversion,6,18,Low Income
2027,153,1953,Graduation,Divorced,23272.0,0,0,2013-10-17,29,19,3,6,4,2,12,1,1,0,3,4,0,0,0,0,0,0,3,0,0,no_conversion,6,18,Low Income
2029,10001,1985,2n Cycle,Together,7500.0,1,0,2012-08-01,98,5,17,17,13,14,34,4,2,1,3,9,0,0,0,0,0,0,3,0,0,no_conversion,6,18,Low Income
2032,8625,1976,Graduation,Married,17649.0,1,0,2013-11-12,70,15,1,23,0,5,1,3,3,0,3,8,0,0,0,0,0,0,3,0,0,no_conversion,6,18,Low Income
2034,983,1984,Graduation,Married,40059.0,1,0,2013-09-28,82,110,29,92,28,10,145,1,6,2,3,8,1,0,0,0,0,0,3,11,0,cmp3,3,9,Medium Income
2038,6568,1984,Graduation,Married,38680.0,1,0,2013-03-28,97,11,0,36,15,5,12,1,2,0,3,7,0,0,0,0,0,0,3,0,0,no_conversion,6,18,Medium Income
2042,8416,1981,Graduation,Married,29009.0,1,0,2013-11-29,19,6,6,15,10,5,2,2,2,0,3,6,0,0,0,0,0,0,3,0,0,no_conversion,6,18,Low Income
2043,5454,1979,Master,Married,45057.0,1,0,2013-12-01,80,37,0,7,3,0,3,1,2,0,3,5,0,0,0,0,0,0,3,0,0,no_conversion,6,18,Medium Income
2050,626,1951,Graduation,Married,32871.0,1,1,2013-03-09,28,22,2,12,0,2,5,1,1,0,3,4,0,0,0,0,0,0,3,0,0,no_conversion,6,18,Low Income
2053,10509,1955,Master,Single,36927.0,1,1,2014-06-02,46,51,0,16,0,0,4,2,3,0,3,8,0,0,0,0,0,0,3,0,0,no_conversion,6,18,Medium Income
2054,6382,1953,Graduation,Together,48794.0,1,1,2014-06-26,97,25,0,11,3,0,15,1,1,0,3,4,0,0,0,0,0,0,3,0,0,no_conversion,6,18,Medium Income
2055,6673,1965,Graduation,Single,23478.0,0,0,2013-03-19,51,28,6,27,12,17,39,1,3,0,3,8,0,0,0,0,0,0,3,0,0,no_conversion,6,18,Low Income
2060,8775,1969,Graduation,Together,38361.0,1,0,2013-12-27,74,39,0,56,20,8,14,3,3,1,3,7,0,0,0,0,0,0,3,0,0,no_conversion,6,18,Medium Income
2063,322,1978,Graduation,Together,42554.0,1,1,2013-01-12,93,29,1,11,0,0,0,2,2,0,3,4,0,0,0,0,0,0,3,0,0,no_conversion,6,18,Medium Income
2066,6103,1948,Graduation,Married,42192.0,0,0,2013-09-06,40,40,15,15,17,6,7,1,2,1,3,4,0,0,0,0,0,0,3,0,0,no_conversion,6,18,Medium Income
2069,1655,1979,Graduation,Together,34350.0,1,0,2013-10-19,81,16,3,15,2,1,11,1,1,0,3,7,0,0,0,0,0,0,3,0,0,no_conversion,6,18,Low Income
2072,5517,1969,Graduation,Married,25293.0,1,0,2013-09-15,51,15,0,11,0,2,9,1,1,1,2,8,0,0,0,0,0,0,3,0,0,no_conversion,6,18,Low Income
2076,6958,1977,Master,Married,27889.0,1,0,2013-07-05,42,14,0,4,0,0,8,1,1,1,2,6,0,0,0,0,0,0,3,0,0,no_conversion,6,18,Low Income
2077,954,1960,Basic,Widow,22123.0,0,0,2014-03-27,77,3,3,24,34,7,31,1,2,1,3,5,0,0,0,0,0,0,3,0,0,no_conversion,6,18,Low Income
2089,7901,1971,Master,Married,34109.0,0,1,2013-11-06,39,9,1,5,2,1,4,1,0,0,3,4,0,0,0,0,0,0,3,0,0,no_conversion,6,18,Low Income
2091,2686,1969,Basic,Together,22390.0,0,0,2013-10-21,49,0,1,4,15,1,5,1,1,0,2,7,0,0,0,0,0,0,3,0,0,no_conversion,6,18,Low Income
2095,11031,1950,PhD,Married,48699.0,1,1,2013-05-21,90,26,1,10,2,0,1,1,1,0,3,5,0,0,0,0,0,0,3,0,0,no_conversion,6,18,Medium Income
2100,1055,1976,Master,Married,53204.0,1,1,2014-03-20,40,29,0,8,2,0,6,1,1,0,3,4,0,0,0,0,0,0,3,0,0,no_conversion,6,18,Medium Income
2102,1241,1984,2n Cycle,Married,14796.0,1,0,2012-09-17,1,13,3,8,7,4,16,2,1,0,3,9,0,0,0,0,0,0,3,11,1,cmp6,6,18,Low Income
2105,1407,1986,Basic,Married,20425.0,1,0,2012-10-29,5,4,12,5,3,16,17,2,2,0,3,7,0,0,0,0,0,0,3,0,0,no_conversion,6,18,Low Income
2112,11091,1953,Graduation,Together,34587.0,1,1,2014-05-16,68,7,2,9,2,0,2,2,1,0,3,4,0,0,0,0,0,0,3,0,0,no_conversion,6,18,Low Income
2113,3969,1974,Master,Together,43018.0,0,1,2013-11-01,46,35,4,17,7,6,64,1,2,2,2,5,0,0,0,0,0,0,3,0,0,no_conversion,6,18,Medium Income
2116,87,1981,2n Cycle,Married,27733.0,1,0,2013-08-26,16,0,7,5,26,2,17,2,2,0,3,7,0,0,0,0,0,0,3,0,0,no_conversion,6,18,Low Income
2119,6147,1971,Graduation,Divorced,25818.0,1,0,2012-10-18,51,5,2,8,2,2,9,1,0,1,2,7,0,0,0,0,0,0,3,0,0,no_conversion,6,18,Low Income
2121,10067,1976,2n Cycle,Together,25176.0,1,1,2013-08-10,79,4,0,4,0,0,5,1,1,0,2,7,0,0,0,0,0,0,3,0,0,no_conversion,6,18,Low Income
2129,10104,1974,Graduation,Together,33590.0,2,1,2013-11-03,65,4,0,2,0,0,2,1,1,0,2,7,0,0,0,0,0,0,3,0,0,no_conversion,6,18,Low Income
2130,3006,1976,Graduation,Divorced,30992.0,1,0,2013-04-22,83,17,0,14,7,3,2,1,1,0,3,7,0,0,0,0,0,0,3,0,0,no_conversion,6,18,Low Income
2133,642,1980,Basic,Married,16005.0,1,0,2012-08-14,69,1,3,2,20,30,47,3,2,1,2,8,0,0,0,0,0,0,3,0,0,no_conversion,6,18,Low Income
2136,271,1969,Graduation,Widow,40590.0,1,1,2013-10-02,30,154,0,50,6,11,37,5,3,4,3,6,1,0,0,0,0,0,3,11,0,cmp3,3,9,Medium Income
2137,4973,1970,Graduation,Single,20587.0,1,0,2014-05-11,39,2,3,6,4,1,9,1,1,1,2,7,0,0,0,0,0,0,3,0,0,no_conversion,6,18,Low Income
2139,2715,1966,Master,Divorced,29435.0,1,1,2012-08-06,11,70,3,37,4,2,64,4,3,2,2,9,0,0,0,0,0,0,3,11,1,cmp6,6,18,Low Income
2140,10432,1974,Graduation,Divorced,19346.0,1,0,2014-01-30,26,2,0,9,3,6,2,1,1,0,3,8,0,0,0,0,0,0,3,0,0,no_conversion,6,18,Low Income
2141,9216,1971,Graduation,Married,35788.0,1,1,2014-01-23,34,23,2,11,3,1,4,2,2,0,3,6,0,0,0,0,0,0,3,0,0,no_conversion,6,18,Low Income
2146,1818,1971,PhD,Together,29732.0,1,0,2014-03-25,23,25,0,8,0,1,4,1,2,0,2,9,0,0,0,0,0,0,3,0,0,no_conversion,6,18,Low Income
2147,1100,1960,Master,Together,41275.0,1,2,2014-03-24,33,24,4,22,0,2,9,4,3,1,3,5,0,0,0,0,0,0,3,0,0,no_conversion,6,18,Medium Income
2150,6950,1958,Master,Married,49572.0,1,1,2013-12-15,25,35,1,16,0,1,1,2,2,0,3,7,0,0,0,0,0,0,3,0,0,no_conversion,6,18,Medium Income
2152,9481,1976,Graduation,Married,17148.0,1,0,2014-01-28,80,9,9,11,13,10,16,4,3,1,3,8,0,0,0,0,0,0,3,0,0,no_conversion,6,18,Low Income
2153,7699,1969,Graduation,Widow,40590.0,1,1,2013-10-02,30,154,0,50,6,11,37,5,3,4,3,6,1,0,0,0,0,0,3,11,0,cmp3,3,9,Medium Income
2154,2711,1976,Master,Together,30560.0,1,0,2013-06-27,6,9,1,5,4,5,7,1,1,0,3,7,0,0,0,0,0,0,3,0,0,no_conversion,6,18,Low Income
2157,1515,1975,Master,Together,34176.0,0,1,2014-01-22,9,11,2,7,4,2,2,1,1,0,3,3,0,0,0,0,0,0,3,0,0,no_conversion,6,18,Low Income
2164,7600,1992,Basic,Single,15253.0,1,0,2013-10-28,13,1,3,3,8,1,13,2,1,0,3,7,0,0,0,0,0,0,3,0,0,no_conversion,6,18,Low Income
2165,9706,1974,PhD,Single,31560.0,1,0,2013-06-24,98,62,1,20,4,0,7,2,2,1,3,8,0,0,0,0,0,0,3,0,0,no_conversion,6,18,Low Income
2169,4548,1981,Graduation,Single,41967.0,1,1,2013-11-23,66,23,4,10,0,2,15,1,1,0,3,4,0,0,0,0,0,0,3,0,0,no_conversion,6,18,Medium Income
2178,4377,1971,Graduation,Married,52914.0,0,1,2013-01-07,32,254,10,44,30,10,227,2,7,3,3,7,1,0,0,0,0,0,3,11,0,cmp3,3,9,Medium Income
2180,1321,1974,Graduation,Married,26067.0,1,0,2013-11-04,49,22,2,18,0,2,12,3,3,0,3,8,0,0,0,0,0,0,3,0,0,no_conversion,6,18,Low Income
2183,11187,1978,Basic,Single,26487.0,1,0,2013-05-20,23,2,8,10,12,14,23,3,2,1,3,5,0,0,0,0,0,0,3,0,0,no_conversion,6,18,Low Income
2184,8207,1957,2n Cycle,Married,53233.0,0,1,2014-03-18,18,28,0,9,3,0,0,1,1,0,3,4,0,0,0,0,0,0,3,0,0,no_conversion,6,18,Medium Income
2189,1646,1972,Basic,Married,25224.0,1,0,2014-03-16,36,4,9,12,11,2,8,2,1,1,3,3,0,0,0,0,0,0,3,0,0,no_conversion,6,18,Low Income
2191,2656,1971,Graduation,Divorced,40851.0,1,1,2013-02-21,63,23,1,7,0,4,24,1,1,1,2,7,0,0,0,0,0,0,3,0,0,no_conversion,6,18,Medium Income
2192,7990,1947,Graduation,Married,27469.0,0,0,2012-08-02,2,9,1,2,3,2,0,1,0,0,3,6,0,0,0,0,0,0,3,0,0,no_conversion,6,18,Low Income
2195,2980,1952,Master,Single,8820.0,1,1,2013-03-22,52,12,0,13,4,2,4,4,3,0,3,8,0,0,0,0,0,0,3,0,0,no_conversion,6,18,Low Income
2197,10722,1973,Graduation,Together,55593.0,0,1,2013-08-21,63,293,8,124,11,4,106,2,6,6,3,6,1,0,0,0,0,0,3,11,0,cmp3,3,9,Medium Income
2199,9014,1975,Graduation,Married,37085.0,1,1,2014-06-26,65,39,1,16,2,0,3,4,3,0,3,8,0,0,0,0,0,0,3,0,0,no_conversion,6,18,Medium Income
2200,7620,1990,Basic,Single,16185.0,1,0,2013-08-05,71,5,11,16,21,8,45,2,2,2,2,8,0,0,0,0,0,0,3,0,0,no_conversion,6,18,Low Income
2207,4333,1954,Graduation,Together,32144.0,1,1,2014-03-23,76,41,0,10,0,0,3,4,2,1,3,7,0,1,0,0,0,0,3,11,0,cmp4,4,12,Low Income
2208,3850,1963,Basic,Together,14918.0,0,1,2012-12-07,52,3,3,3,15,4,15,1,1,0,3,6,0,0,0,0,0,0,3,0,0,no_conversion,6,18,Low Income
2209,6168,1963,Graduation,Divorced,45146.0,1,1,2013-07-15,28,33,0,5,0,0,15,2,1,1,2,4,0,0,0,0,0,0,3,0,0,no_conversion,6,18,Medium Income
2212,6983,1950,Master,Divorced,38054.0,1,1,2014-05-01,24,23,2,17,2,1,0,2,2,0,3,7,0,0,0,0,0,0,3,0,0,no_conversion,6,18,Medium Income
2214,9303,1976,Graduation,Married,5305.0,0,1,2013-07-30,12,12,4,7,1,3,5,0,1,0,0,13,0,0,0,0,0,0,3,0,0,no_conversion,6,18,Low Income
2215,692,1954,Graduation,Together,36807.0,1,1,2012-12-20,88,4,2,5,0,0,5,1,1,0,2,6,0,0,0,0,0,0,3,0,0,no_conversion,6,18,Medium Income
2216,736,1983,Graduation,Together,28427.0,1,0,2013-03-21,67,18,3,19,3,3,6,2,2,0,3,8,0,0,0,0,0,0,3,0,0,no_conversion,6,18,Low Income
2218,4838,1978,Graduation,Together,22775.0,1,0,2013-06-19,40,5,1,8,0,0,1,1,1,0,2,8,0,0,0,0,0,0,3,0,0,no_conversion,6,18,Low Income
2222,10659,1979,2n Cycle,Together,7500.0,1,0,2013-05-07,7,2,8,11,3,8,21,4,3,2,2,7,0,0,0,0,0,0,3,0,0,no_conversion,6,18,Low Income
2229,10084,1972,Graduation,Married,24434.0,2,0,2014-05-18,9,3,2,8,20,0,17,2,2,1,2,7,0,0,0,0,0,0,3,0,0,no_conversion,6,18,Low Income
2230,7004,1984,Graduation,Single,11012.0,1,0,2013-03-16,82,24,3,26,7,1,23,3,3,1,2,9,1,0,0,0,0,0,3,11,0,cmp3,3,9,Low Income
2232,8080,1986,Graduation,Single,26816.0,0,0,2012-08-17,50,5,1,6,3,4,3,1,0,0,3,4,0,0,0,0,0,0,3,0,0,no_conversion,6,18,Low Income
2234,8372,1974,Graduation,Married,34421.0,1,0,2013-07-01,81,3,3,7,6,2,9,1,1,0,2,7,0,0,0,0,0,0,3,0,0,no_conversion,6,18,Low Income
